orizzonte,luogo,tipo_valore,id_valore,valore,anno,settimana
1,17,quantile,0.01,2.4925989447165766,2024,13
2,17,quantile,0.01,1.4926409954632385,2024,13
3,17,quantile,0.01,0.868341574382995,2024,13
4,17,quantile,0.01,0.4291992390123493,2024,13
1,17,quantile,0.025,2.588388783734497,2024,13
2,17,quantile,0.025,1.6379128427923366,2024,13
3,17,quantile,0.025,1.0371587043215529,2024,13
4,17,quantile,0.025,0.6127264419342077,2024,13
1,17,quantile,0.05,2.691646963520477,2024,13
2,17,quantile,0.05,1.7927787473460453,2024,13
3,17,quantile,0.05,1.2212907463168183,2024,13
4,17,quantile,0.05,0.8129786786558916,2024,13
1,17,quantile,0.1,2.819370523264122,2024,13
2,17,quantile,0.1,1.992116087424524,2024,13
3,17,quantile,0.1,1.461711819964059,2024,13
4,17,quantile,0.1,1.0828896365618097,2024,13
1,17,quantile,0.15,2.9136793900102886,2024,13
2,17,quantile,0.15,2.141554137147952,2024,13
3,17,quantile,0.15,1.6474653896189737,2024,13
4,17,quantile,0.15,1.290715989501485,2024,13
1,17,quantile,0.2,2.9898536187085045,2024,13
2,17,quantile,0.2,2.26037109813354,2024,13
3,17,quantile,0.2,1.794942496449606,2024,13
4,17,quantile,0.2,1.4609272340005115,2024,13
1,17,quantile,0.25,3.055248571634851,2024,13
2,17,quantile,0.25,2.3653251504655968,2024,13
3,17,quantile,0.25,1.9224510938913129,2024,13
4,17,quantile,0.25,1.604119712942497,2024,13
1,17,quantile,0.3,3.112656838732807,2024,13
2,17,quantile,0.3,2.4539671399988547,2024,13
3,17,quantile,0.3,2.0349573768154188,2024,13
4,17,quantile,0.3,1.73328742306676,2024,13
1,17,quantile,0.35,3.162810467068918,2024,13
2,17,quantile,0.35,2.537189116277321,2024,13
3,17,quantile,0.35,2.1389290299665267,2024,13
4,17,quantile,0.35,1.8489735964178209,2024,13
1,17,quantile,0.4,3.2133085804669608,2024,13
2,17,quantile,0.4,2.6118451346096587,2024,13
3,17,quantile,0.4,2.227561956948345,2024,13
4,17,quantile,0.4,1.9524140864859376,2024,13
1,17,quantile,0.45,3.256855497342343,2024,13
2,17,quantile,0.45,2.6823654212218737,2024,13
3,17,quantile,0.45,2.3156433312566183,2024,13
4,17,quantile,0.45,2.0521954911990288,2024,13
1,17,quantile,0.5,3.297507744517655,2024,13
2,17,quantile,0.5,2.748068320270101,2024,13
3,17,quantile,0.5,2.400189123423372,2024,13
4,17,quantile,0.5,2.149006894130871,2024,13
1,17,quantile,0.55,3.335570525383348,2024,13
2,17,quantile,0.55,2.812111229192274,2024,13
3,17,quantile,0.55,2.4814291100604446,2024,13
4,17,quantile,0.55,2.2425207847737894,2024,13
1,17,quantile,0.6,3.3732184406291,2024,13
2,17,quantile,0.6,2.8733815375347933,2024,13
3,17,quantile,0.6,2.55843158876982,2024,13
4,17,quantile,0.6,2.3362681970692494,2024,13
1,17,quantile,0.65,3.410582624059256,2024,13
2,17,quantile,0.65,2.9335618636148566,2024,13
3,17,quantile,0.65,2.6372169566661627,2024,13
4,17,quantile,0.65,2.4344887711979246,2024,13
1,17,quantile,0.7,3.448752074302277,2024,13
2,17,quantile,0.7,2.99571392121824,2024,13
3,17,quantile,0.7,2.719789537814711,2024,13
4,17,quantile,0.7,2.5329920145952016,2024,13
1,17,quantile,0.75,3.4882907002704475,2024,13
2,17,quantile,0.75,3.0621781264530084,2024,13
3,17,quantile,0.75,2.8086814894583485,2024,13
4,17,quantile,0.75,2.6437999245711503,2024,13
1,17,quantile,0.8,3.530270009315349,2024,13
2,17,quantile,0.8,3.135352606089934,2024,13
3,17,quantile,0.8,2.905186996137773,2024,13
4,17,quantile,0.8,2.764414136757538,2024,13
1,17,quantile,0.85,3.5810481920899644,2024,13
2,17,quantile,0.85,3.2208163052108216,2024,13
3,17,quantile,0.85,3.016804045149152,2024,13
4,17,quantile,0.85,2.8957770786607204,2024,13
1,17,quantile,0.9,3.640678342795441,2024,13
2,17,quantile,0.9,3.319266036747434,2024,13
3,17,quantile,0.9,3.142643107024008,2024,13
4,17,quantile,0.9,3.038354554113765,2024,13
1,17,quantile,0.95,3.7250480119067713,2024,13
2,17,quantile,0.95,3.4504424642347824,2024,13
3,17,quantile,0.95,3.300507195801436,2024,13
4,17,quantile,0.95,3.213922530529816,2024,13
1,17,quantile,0.975,3.788551431139034,2024,13
2,17,quantile,0.975,3.5478049803947465,2024,13
3,17,quantile,0.975,3.418184947979223,2024,13
4,17,quantile,0.975,3.343299945960899,2024,13
1,17,quantile,0.99,3.854780915005644,2024,13
2,17,quantile,0.99,3.646863661208811,2024,13
3,17,quantile,0.99,3.532621360322746,2024,13
4,17,quantile,0.99,3.465733359953433,2024,13
1,02,quantile,0.01,1.224669432698205,2024,13
2,02,quantile,0.01,0.8245638268077494,2024,13
3,02,quantile,0.01,0.5239889103885454,2024,13
4,02,quantile,0.01,0.3077801594162096,2024,13
1,02,quantile,0.025,1.2714493338238635,2024,13
2,02,quantile,0.025,0.896428607123066,2024,13
3,02,quantile,0.025,0.6142927567515377,2024,13
4,02,quantile,0.025,0.4022126588347528,2024,13
1,02,quantile,0.05,1.318571176792545,2024,13
2,02,quantile,0.05,0.970313043821907,2024,13
3,02,quantile,0.05,0.7048052067806124,2024,13
4,02,quantile,0.05,0.5014961177592429,2024,13
1,02,quantile,0.1,1.37907750854397,2024,13
2,02,quantile,0.1,1.071218567934518,2024,13
3,02,quantile,0.1,0.829891930018213,2024,13
4,02,quantile,0.1,0.639433164076829,2024,13
1,02,quantile,0.15,1.4223159710469162,2024,13
2,02,quantile,0.15,1.1469719373470273,2024,13
3,02,quantile,0.15,0.9269306916690584,2024,13
4,02,quantile,0.15,0.748473271296701,2024,13
1,02,quantile,0.2,1.459192797944591,2024,13
2,02,quantile,0.2,1.210174210455322,2024,13
3,02,quantile,0.2,1.0070362377717093,2024,13
4,02,quantile,0.2,0.8404756397870159,2024,13
1,02,quantile,0.25,1.4906058179344095,2024,13
2,02,quantile,0.25,1.263761539236671,2024,13
3,02,quantile,0.25,1.078087923115813,2024,13
4,02,quantile,0.25,0.9201490684429592,2024,13
1,02,quantile,0.3,1.5191991092362769,2024,13
2,02,quantile,0.3,1.3120177848922314,2024,13
3,02,quantile,0.3,1.1375590651657446,2024,13
4,02,quantile,0.3,0.9892902880339682,2024,13
1,02,quantile,0.35,1.5463933695780712,2024,13
2,02,quantile,0.35,1.3587669411727583,2024,13
3,02,quantile,0.35,1.1970200598113894,2024,13
4,02,quantile,0.35,1.0509088280642644,2024,13
1,02,quantile,0.4,1.5731262469963163,2024,13
2,02,quantile,0.4,1.4031052157106,2024,13
3,02,quantile,0.4,1.2517315437359842,2024,13
4,02,quantile,0.4,1.1111007427085329,2024,13
1,02,quantile,0.45,1.6007162928942482,2024,13
2,02,quantile,0.45,1.4475512622071576,2024,13
3,02,quantile,0.45,1.3048625568919612,2024,13
4,02,quantile,0.45,1.1695569037820912,2024,13
1,02,quantile,0.5,1.631003889656549,2024,13
2,02,quantile,0.5,1.49484959088085,2024,13
3,02,quantile,0.5,1.3577376265394103,2024,13
4,02,quantile,0.5,1.2252434923588558,2024,13
1,02,quantile,0.55,1.6657003850352623,2024,13
2,02,quantile,0.55,1.5437963070318692,2024,13
3,02,quantile,0.55,1.412457343583935,2024,13
4,02,quantile,0.55,1.282263155455649,2024,13
1,02,quantile,0.6,1.700227861485747,2024,13
2,02,quantile,0.6,1.597805912445805,2024,13
3,02,quantile,0.6,1.4692358517071389,2024,13
4,02,quantile,0.6,1.3376433112137829,2024,13
1,02,quantile,0.65,1.7344536478194952,2024,13
2,02,quantile,0.65,1.6540624145928258,2024,13
3,02,quantile,0.65,1.531757872399321,2024,13
4,02,quantile,0.65,1.3984459382577874,2024,13
1,02,quantile,0.7,1.7665682419872657,2024,13
2,02,quantile,0.7,1.7117789987301306,2024,13
3,02,quantile,0.7,1.600594121173084,2024,13
4,02,quantile,0.7,1.4603557127457514,2024,13
1,02,quantile,0.75,1.7981384731520884,2024,13
2,02,quantile,0.75,1.7688297006597795,2024,13
3,02,quantile,0.75,1.6765528545832749,2024,13
4,02,quantile,0.75,1.5339887644310068,2024,13
1,02,quantile,0.8,1.832060889249982,2024,13
2,02,quantile,0.8,1.8269498412208025,2024,13
3,02,quantile,0.8,1.756547636764258,2024,13
4,02,quantile,0.8,1.625839720854399,2024,13
1,02,quantile,0.85,1.8704693824189775,2024,13
2,02,quantile,0.85,1.894932091485093,2024,13
3,02,quantile,0.85,1.8470940975846677,2024,13
4,02,quantile,0.85,1.731334505020264,2024,13
1,02,quantile,0.9,1.917747132775801,2024,13
2,02,quantile,0.9,1.9811945953369343,2024,13
3,02,quantile,0.9,1.960600561125073,2024,13
4,02,quantile,0.9,1.867356248692264,2024,13
1,02,quantile,0.95,1.9872868999545688,2024,13
2,02,quantile,0.95,2.112819429785518,2024,13
3,02,quantile,0.95,2.155381935182856,2024,13
4,02,quantile,0.95,2.1016385174730963,2024,13
1,02,quantile,0.975,2.0522617386087934,2024,13
2,02,quantile,0.975,2.234756383168112,2024,13
3,02,quantile,0.975,2.31703629229967,2024,13
4,02,quantile,0.975,2.315809027798452,2024,13
1,02,quantile,0.99,2.124666297698029,2024,13
2,02,quantile,0.99,2.375336384417828,2024,13
3,02,quantile,0.99,2.542470656210795,2024,13
4,02,quantile,0.99,2.603771962135112,2024,13
1,07,quantile,0.01,4.136138247688426,2024,13
2,07,quantile,0.01,3.4803342244515294,2024,13
3,07,quantile,0.01,3.0262551167103684,2024,13
4,07,quantile,0.01,2.670568519703041,2024,13
1,07,quantile,0.025,4.221816164813732,2024,13
2,07,quantile,0.025,3.619244282476594,2024,13
3,07,quantile,0.025,3.205847485629095,2024,13
4,07,quantile,0.025,2.881176428570983,2024,13
1,07,quantile,0.05,4.3057439113538605,2024,13
2,07,quantile,0.05,3.759158375340424,2024,13
3,07,quantile,0.05,3.388411744664116,2024,13
4,07,quantile,0.05,3.09373534047758,2024,13
1,07,quantile,0.1,4.409563163411236,2024,13
2,07,quantile,0.1,3.927462614594912,2024,13
3,07,quantile,0.1,3.601960784385779,2024,13
4,07,quantile,0.1,3.3456370158058077,2024,13
1,07,quantile,0.15,4.48122520140921,2024,13
2,07,quantile,0.15,4.047615414248853,2024,13
3,07,quantile,0.15,3.7557329952790033,2024,13
4,07,quantile,0.15,3.5274570535510468,2024,13
1,07,quantile,0.2,4.53981020173408,2024,13
2,07,quantile,0.2,4.141151582899933,2024,13
3,07,quantile,0.2,3.876999043477287,2024,13
4,07,quantile,0.2,3.667528470955167,2024,13
1,07,quantile,0.25,4.591776038200482,2024,13
2,07,quantile,0.25,4.223529187889331,2024,13
3,07,quantile,0.25,3.9805890684169567,2024,13
4,07,quantile,0.25,3.790062172517028,2024,13
1,07,quantile,0.3,4.638767577203271,2024,13
2,07,quantile,0.3,4.300703866832352,2024,13
3,07,quantile,0.3,4.079068721949196,2024,13
4,07,quantile,0.3,3.906628751942181,2024,13
1,07,quantile,0.35,4.685183530039594,2024,13
2,07,quantile,0.35,4.377205381431847,2024,13
3,07,quantile,0.35,4.173999436426567,2024,13
4,07,quantile,0.35,4.018278918405318,2024,13
1,07,quantile,0.4,4.730332073142526,2024,13
2,07,quantile,0.4,4.449975352428122,2024,13
3,07,quantile,0.4,4.266778211996885,2024,13
4,07,quantile,0.4,4.125304828606212,2024,13
1,07,quantile,0.45,4.774367598031697,2024,13
2,07,quantile,0.45,4.5207101459645305,2024,13
3,07,quantile,0.45,4.358638234237639,2024,13
4,07,quantile,0.45,4.233445037303509,2024,13
1,07,quantile,0.5,4.818079297068024,2024,13
2,07,quantile,0.5,4.592399973333166,2024,13
3,07,quantile,0.5,4.447791757303516,2024,13
4,07,quantile,0.5,4.338658741930125,2024,13
1,07,quantile,0.55,4.862478204042309,2024,13
2,07,quantile,0.55,4.664246355416005,2024,13
3,07,quantile,0.55,4.539970993419118,2024,13
4,07,quantile,0.55,4.446359823477915,2024,13
1,07,quantile,0.6,4.905615167805047,2024,13
2,07,quantile,0.6,4.735652254172661,2024,13
3,07,quantile,0.6,4.629465789381804,2024,13
4,07,quantile,0.6,4.552376234457743,2024,13
1,07,quantile,0.65,4.948788047249236,2024,13
2,07,quantile,0.65,4.805884792750931,2024,13
3,07,quantile,0.65,4.7187565589468745,2024,13
4,07,quantile,0.65,4.657760468155725,2024,13
1,07,quantile,0.7,4.994397178697792,2024,13
2,07,quantile,0.7,4.87969196155564,2024,13
3,07,quantile,0.7,4.812186276166036,2024,13
4,07,quantile,0.7,4.767954351359351,2024,13
1,07,quantile,0.75,5.04214121635048,2024,13
2,07,quantile,0.75,4.956858555433067,2024,13
3,07,quantile,0.75,4.912151267781548,2024,13
4,07,quantile,0.75,4.885629230172367,2024,13
1,07,quantile,0.8,5.092516304396523,2024,13
2,07,quantile,0.8,5.037547172949243,2024,13
3,07,quantile,0.8,5.01051104551716,2024,13
4,07,quantile,0.8,4.996188569432856,2024,13
1,07,quantile,0.85,5.137421088261376,2024,13
2,07,quantile,0.85,5.104734907375605,2024,13
3,07,quantile,0.85,5.089496652027192,2024,13
4,07,quantile,0.85,5.081752422493565,2024,13
1,07,quantile,0.9,5.170818088167307,2024,13
2,07,quantile,0.9,5.15416138998891,2024,13
3,07,quantile,0.9,5.146706120740348,2024,13
4,07,quantile,0.9,5.1432532098881305,2024,13
1,07,quantile,0.95,5.193547345683714,2024,13
2,07,quantile,0.95,5.186846046285477,2024,13
3,07,quantile,0.95,5.184111838804715,2024,13
4,07,quantile,0.95,5.183036637399434,2024,13
1,07,quantile,0.975,5.201514093428865,2024,13
2,07,quantile,0.975,5.198281950953035,2024,13
3,07,quantile,0.975,5.1969033760357215,2024,13
4,07,quantile,0.975,5.1964309150933,2024,13
1,07,quantile,0.99,5.205955941290965,2024,13
2,07,quantile,0.99,5.204446188109169,2024,13
3,07,quantile,0.99,5.2037930233532,2024,13
4,07,quantile,0.99,5.203590739124814,2024,13
1,IT,quantile,0.01,3.9626311558708345,2024,13
2,IT,quantile,0.01,3.2622336214480927,2024,13
3,IT,quantile,0.01,2.798309410841346,2024,13
4,IT,quantile,0.01,2.437858653186196,2024,13
1,IT,quantile,0.025,4.059302609470438,2024,13
2,IT,quantile,0.025,3.4140443684555124,2024,13
3,IT,quantile,0.025,2.982551491927685,2024,13
4,IT,quantile,0.025,2.64656542237372,2024,13
1,IT,quantile,0.05,4.152661600985043,2024,13
2,IT,quantile,0.05,3.562945201969435,2024,13
3,IT,quantile,0.05,3.169308023151535,2024,13
4,IT,quantile,0.05,2.867135127154174,2024,13
1,IT,quantile,0.1,4.269849899430533,2024,13
2,IT,quantile,0.1,3.7537464184183857,2024,13
3,IT,quantile,0.1,3.412285220803084,2024,13
4,IT,quantile,0.1,3.148014729883976,2024,13
1,IT,quantile,0.15,4.351365777161571,2024,13
2,IT,quantile,0.15,3.88671735499426,2024,13
3,IT,quantile,0.15,3.5800733658597337,2024,13
4,IT,quantile,0.15,3.3455912085291,2024,13
1,IT,quantile,0.2,4.417136842679972,2024,13
2,IT,quantile,0.2,3.992779783290786,2024,13
3,IT,quantile,0.2,3.715063924620996,2024,13
4,IT,quantile,0.2,3.5014184479754524,2024,13
1,IT,quantile,0.25,4.477162484749197,2024,13
2,IT,quantile,0.25,4.09014476051221,2024,13
3,IT,quantile,0.25,3.8374227277696287,2024,13
4,IT,quantile,0.25,3.6461329148287858,2024,13
1,IT,quantile,0.3,4.532204662230188,2024,13
2,IT,quantile,0.3,4.18141064516787,2024,13
3,IT,quantile,0.3,3.953372833947281,2024,13
4,IT,quantile,0.3,3.77886795774922,2024,13
1,IT,quantile,0.35,4.585623192882586,2024,13
2,IT,quantile,0.35,4.266630771541483,2024,13
3,IT,quantile,0.35,4.060944959564031,2024,13
4,IT,quantile,0.35,3.906101890171695,2024,13
1,IT,quantile,0.4,4.635188146216277,2024,13
2,IT,quantile,0.4,4.347866339228976,2024,13
3,IT,quantile,0.4,4.163079174045992,2024,13
4,IT,quantile,0.4,4.026710970927321,2024,13
1,IT,quantile,0.45,4.683092169717583,2024,13
2,IT,quantile,0.45,4.424220485664991,2024,13
3,IT,quantile,0.45,4.262472983949993,2024,13
4,IT,quantile,0.45,4.140844422663956,2024,13
1,IT,quantile,0.5,4.729894966936593,2024,13
2,IT,quantile,0.5,4.501149006518096,2024,13
3,IT,quantile,0.5,4.361011639102743,2024,13
4,IT,quantile,0.5,4.258501441706953,2024,13
1,IT,quantile,0.55,4.777667582680203,2024,13
2,IT,quantile,0.55,4.576485396673057,2024,13
3,IT,quantile,0.55,4.453817894523271,2024,13
4,IT,quantile,0.55,4.366754043861776,2024,13
1,IT,quantile,0.6,4.82345826693484,2024,13
2,IT,quantile,0.6,4.651151025990791,2024,13
3,IT,quantile,0.6,4.549060938745636,2024,13
4,IT,quantile,0.6,4.477123525177952,2024,13
1,IT,quantile,0.65,4.868784453130429,2024,13
2,IT,quantile,0.65,4.725802436697863,2024,13
3,IT,quantile,0.65,4.643565632370676,2024,13
4,IT,quantile,0.65,4.588485905458764,2024,13
1,IT,quantile,0.7,4.914306996707583,2024,13
2,IT,quantile,0.7,4.800208826655043,2024,13
3,IT,quantile,0.7,4.7358240010323325,2024,13
4,IT,quantile,0.7,4.697069705437208,2024,13
1,IT,quantile,0.75,4.960709873345036,2024,13
2,IT,quantile,0.75,4.872628733946653,2024,13
3,IT,quantile,0.75,4.825668245645892,2024,13
4,IT,quantile,0.75,4.798992553352505,2024,13
1,IT,quantile,0.8,5.005208008594661,2024,13
2,IT,quantile,0.8,4.9410070312778505,2024,13
3,IT,quantile,0.8,4.908267908893458,2024,13
4,IT,quantile,0.8,4.891039046240491,2024,13
1,IT,quantile,0.85,5.046785996069367,2024,13
2,IT,quantile,0.85,5.003419725004466,2024,13
3,IT,quantile,0.85,4.98218687296874,2024,13
4,IT,quantile,0.85,4.971060354534588,2024,13
1,IT,quantile,0.9,5.080825464586545,2024,13
2,IT,quantile,0.9,5.0541532112872725,2024,13
3,IT,quantile,0.9,5.0419330724432285,2024,13
4,IT,quantile,0.9,5.035555232104822,2024,13
1,IT,quantile,0.95,5.109873012510656,2024,13
2,IT,quantile,0.95,5.096957068339537,2024,13
3,IT,quantile,0.95,5.091421383240932,2024,13
4,IT,quantile,0.95,5.088817643035218,2024,13
1,IT,quantile,0.975,5.122810137244869,2024,13
2,IT,quantile,0.975,5.115864501691191,2024,13
3,IT,quantile,0.975,5.112870438830838,2024,13
4,IT,quantile,0.975,5.111742561578464,2024,13
1,IT,quantile,0.99,5.1304857733796485,2024,13
2,IT,quantile,0.99,5.126781322552092,2024,13
3,IT,quantile,0.99,5.125312042870157,2024,13
4,IT,quantile,0.99,5.1248190564090175,2024,13
1,18,quantile,0.01,3.985089780924132,2024,13
2,18,quantile,0.01,3.393080836492388,2024,13
3,18,quantile,0.01,2.994051593704849,2024,13
4,18,quantile,0.01,2.687826616239724,2024,13
1,18,quantile,0.025,4.0697798296966905,2024,13
2,18,quantile,0.025,3.5284498044481727,2024,13
3,18,quantile,0.025,3.170110897108182,2024,13
4,18,quantile,0.025,2.890979219740245,2024,13
1,18,quantile,0.05,4.147636667993759,2024,13
2,18,quantile,0.05,3.6552002693104217,2024,13
3,18,quantile,0.05,3.3287864341215165,2024,13
4,18,quantile,0.05,3.0752040573270456,2024,13
1,18,quantile,0.1,4.249611116807463,2024,13
2,18,quantile,0.1,3.8194928645968913,2024,13
3,18,quantile,0.1,3.5425265519395457,2024,13
4,18,quantile,0.1,3.331199934550615,2024,13
1,18,quantile,0.15,4.321458984802187,2024,13
2,18,quantile,0.15,3.9382149157127135,2024,13
3,18,quantile,0.15,3.6885833340528222,2024,13
4,18,quantile,0.15,3.501855998766377,2024,13
1,18,quantile,0.2,4.377358919755044,2024,13
2,18,quantile,0.2,4.029346531381426,2024,13
3,18,quantile,0.2,3.806012266445528,2024,13
4,18,quantile,0.2,3.637625419053929,2024,13
1,18,quantile,0.25,4.427192386120044,2024,13
2,18,quantile,0.25,4.107346940723471,2024,13
3,18,quantile,0.25,3.903745481411815,2024,13
4,18,quantile,0.25,3.752570061767738,2024,13
1,18,quantile,0.3,4.473106464970276,2024,13
2,18,quantile,0.3,4.182012444084527,2024,13
3,18,quantile,0.3,3.99833493207879,2024,13
4,18,quantile,0.3,3.860327417416084,2024,13
1,18,quantile,0.35,4.516982680325155,2024,13
2,18,quantile,0.35,4.253223292800367,2024,13
3,18,quantile,0.35,4.089600181895005,2024,13
4,18,quantile,0.35,3.966728456867026,2024,13
1,18,quantile,0.4,4.558291730671059,2024,13
2,18,quantile,0.4,4.321671710894747,2024,13
3,18,quantile,0.4,4.175864290223846,2024,13
4,18,quantile,0.4,4.067044573123249,2024,13
1,18,quantile,0.45,4.598004178108241,2024,13
2,18,quantile,0.45,4.386866722836579,2024,13
3,18,quantile,0.45,4.259162772836827,2024,13
4,18,quantile,0.45,4.16352112460901,2024,13
1,18,quantile,0.5,4.638876396051534,2024,13
2,18,quantile,0.5,4.452932592063545,2024,13
3,18,quantile,0.5,4.3423684517894365,2024,13
4,18,quantile,0.5,4.264064235131952,2024,13
1,18,quantile,0.55,4.67928778025502,2024,13
2,18,quantile,0.55,4.520675879959413,2024,13
3,18,quantile,0.55,4.4255445419609085,2024,13
4,18,quantile,0.55,4.361945527116921,2024,13
1,18,quantile,0.6,4.720350420500385,2024,13
2,18,quantile,0.6,4.585985399680773,2024,13
3,18,quantile,0.6,4.509000163409123,2024,13
4,18,quantile,0.6,4.456867852244304,2024,13
1,18,quantile,0.65,4.7621865731586,2024,13
2,18,quantile,0.65,4.654013322644639,2024,13
3,18,quantile,0.65,4.594317665081946,2024,13
4,18,quantile,0.65,4.5574409288694255,2024,13
1,18,quantile,0.7,4.803636020740061,2024,13
2,18,quantile,0.7,4.721332449334792,2024,13
3,18,quantile,0.7,4.679807170238217,2024,13
4,18,quantile,0.7,4.657104332250976,2024,13
1,18,quantile,0.75,4.844036328603139,2024,13
2,18,quantile,0.75,4.784972146162461,2024,13
3,18,quantile,0.75,4.7563206232705015,2024,13
4,18,quantile,0.75,4.740770266344545,2024,13
1,18,quantile,0.8,4.880037586938626,2024,13
2,18,quantile,0.8,4.839584740235078,2024,13
3,18,quantile,0.8,4.820631190511207,2024,13
4,18,quantile,0.8,4.811277352519741,2024,13
1,18,quantile,0.85,4.9102795056745485,2024,13
2,18,quantile,0.85,4.884356847184479,2024,13
3,18,quantile,0.85,4.87296957278452,2024,13
4,18,quantile,0.85,4.867227024736112,2024,13
1,18,quantile,0.9,4.934672271389539,2024,13
2,18,quantile,0.9,4.919788322342451,2024,13
3,18,quantile,0.9,4.913672288055941,2024,13
4,18,quantile,0.9,4.910718635691009,2024,13
1,18,quantile,0.95,4.95384175659885,2024,13
2,18,quantile,0.95,4.947330881285242,2024,13
3,18,quantile,0.95,4.944453103736445,2024,13
4,18,quantile,0.95,4.943359279874304,2024,13
1,18,quantile,0.975,4.961511938906539,2024,13
2,18,quantile,0.975,4.958318349079833,2024,13
3,18,quantile,0.975,4.957150618428181,2024,13
4,18,quantile,0.975,4.956635030226092,2024,13
1,18,quantile,0.99,4.96611473831378,2024,13
2,18,quantile,0.99,4.964533430188535,2024,13
3,18,quantile,0.99,4.963982114900007,2024,13
4,18,quantile,0.99,4.963755982461583,2024,13
1,16,quantile,0.01,6.150346493620031,2024,13
2,16,quantile,0.01,4.700812549464241,2024,13
3,16,quantile,0.01,3.730918308047654,2024,13
4,16,quantile,0.01,3.0462803572356223,2024,13
1,16,quantile,0.025,6.377070074092752,2024,13
2,16,quantile,0.025,5.057285157293203,2024,13
3,16,quantile,0.025,4.194587515103171,2024,13
4,16,quantile,0.025,3.5823640647688904,2024,13
1,16,quantile,0.05,6.57585677161156,2024,13
2,16,quantile,0.05,5.386862679203082,2024,13
3,16,quantile,0.05,4.612230988024665,2024,13
4,16,quantile,0.05,4.065667684261417,2024,13
1,16,quantile,0.1,6.819483978220291,2024,13
2,16,quantile,0.1,5.77509864013282,2024,13
3,16,quantile,0.1,5.11613816359413,2024,13
4,16,quantile,0.1,4.642664607035441,2024,13
1,16,quantile,0.15,6.977952946193764,2024,13
2,16,quantile,0.15,6.034431470400843,2024,13
3,16,quantile,0.15,5.445226767234485,2024,13
4,16,quantile,0.15,5.0185161859051295,2024,13
1,16,quantile,0.2,7.099664191552511,2024,13
2,16,quantile,0.2,6.2299997901178354,2024,13
3,16,quantile,0.2,5.682654531030579,2024,13
4,16,quantile,0.2,5.29438595196965,2024,13
1,16,quantile,0.25,7.20127711148319,2024,13
2,16,quantile,0.25,6.394162176100442,2024,13
3,16,quantile,0.25,5.888861327391261,2024,13
4,16,quantile,0.25,5.530864138656384,2024,13
1,16,quantile,0.3,7.287175355778353,2024,13
2,16,quantile,0.3,6.531434625547009,2024,13
3,16,quantile,0.3,6.061154437586409,2024,13
4,16,quantile,0.3,5.732701520139258,2024,13
1,16,quantile,0.35,7.364811408165468,2024,13
2,16,quantile,0.35,6.65602833734506,2024,13
3,16,quantile,0.35,6.217846344694276,2024,13
4,16,quantile,0.35,5.913956075591607,2024,13
1,16,quantile,0.4,7.434212109627546,2024,13
2,16,quantile,0.4,6.775850334979622,2024,13
3,16,quantile,0.4,6.365007783253456,2024,13
4,16,quantile,0.4,6.083496027936091,2024,13
1,16,quantile,0.45,7.500517760021234,2024,13
2,16,quantile,0.45,6.879939087211232,2024,13
3,16,quantile,0.45,6.500842979880998,2024,13
4,16,quantile,0.45,6.233869746752974,2024,13
1,16,quantile,0.5,7.563288546457157,2024,13
2,16,quantile,0.5,6.980203903387327,2024,13
3,16,quantile,0.5,6.62672042359362,2024,13
4,16,quantile,0.5,6.380901765518738,2024,13
1,16,quantile,0.55,7.621875888156437,2024,13
2,16,quantile,0.55,7.076605196265224,2024,13
3,16,quantile,0.55,6.745823236767299,2024,13
4,16,quantile,0.55,6.520115343895269,2024,13
1,16,quantile,0.6,7.680463725999449,2024,13
2,16,quantile,0.6,7.1711119703843655,2024,13
3,16,quantile,0.6,6.863317148342883,2024,13
4,16,quantile,0.6,6.6557807716737605,2024,13
1,16,quantile,0.65,7.737147558120782,2024,13
2,16,quantile,0.65,7.2634056505225715,2024,13
3,16,quantile,0.65,6.981278528922599,2024,13
4,16,quantile,0.65,6.791734978213036,2024,13
1,16,quantile,0.7,7.793959805222782,2024,13
2,16,quantile,0.7,7.358121711998561,2024,13
3,16,quantile,0.7,7.100508418424707,2024,13
4,16,quantile,0.7,6.931031083434824,2024,13
1,16,quantile,0.75,7.851887177968877,2024,13
2,16,quantile,0.75,7.453699053277258,2024,13
3,16,quantile,0.75,7.225444327494305,2024,13
4,16,quantile,0.75,7.075270231506541,2024,13
1,16,quantile,0.8,7.914372319387908,2024,13
2,16,quantile,0.8,7.55609386000439,2024,13
3,16,quantile,0.8,7.353442309043251,2024,13
4,16,quantile,0.8,7.226264722554929,2024,13
1,16,quantile,0.85,7.986581425203333,2024,13
2,16,quantile,0.85,7.6743776114747,2024,13
3,16,quantile,0.85,7.50456343487917,2024,13
4,16,quantile,0.85,7.404842362067096,2024,13
1,16,quantile,0.9,8.070353834889149,2024,13
2,16,quantile,0.9,7.81264793176555,2024,13
3,16,quantile,0.9,7.678227171053349,2024,13
4,16,quantile,0.9,7.604076719238849,2024,13
1,16,quantile,0.95,8.18236053787598,2024,13
2,16,quantile,0.95,7.993545277419084,2024,13
3,16,quantile,0.95,7.896972160991259,2024,13
4,16,quantile,0.95,7.846920305580124,2024,13
1,16,quantile,0.975,8.26310457543224,2024,13
2,16,quantile,0.975,8.116980252052988,2024,13
3,16,quantile,0.975,8.043809717031552,2024,13
4,16,quantile,0.975,8.009483296867266,2024,13
1,16,quantile,0.99,8.334312117903135,2024,13
2,16,quantile,0.99,8.226165009273986,2024,13
3,16,quantile,0.99,8.175354565304294,2024,13
4,16,quantile,0.99,8.147707196992254,2024,13
1,09,quantile,0.01,4.78400779060125,2024,13
2,09,quantile,0.01,3.8456967795445935,2024,13
3,09,quantile,0.01,3.2153957219358547,2024,13
4,09,quantile,0.01,2.715977528130725,2024,13
1,09,quantile,0.025,4.905977905005933,2024,13
2,09,quantile,0.025,4.0438101214670175,2024,13
3,09,quantile,0.025,3.4567749932186533,2024,13
4,09,quantile,0.025,3.0042383412023224,2024,13
1,09,quantile,0.05,5.017108277924351,2024,13
2,09,quantile,0.05,4.22770663795479,2024,13
3,09,quantile,0.05,3.692887163571051,2024,13
4,09,quantile,0.05,3.285231862443532,2024,13
1,09,quantile,0.1,5.146920599874727,2024,13
2,09,quantile,0.1,4.440224436604375,2024,13
3,09,quantile,0.1,3.965980821438917,2024,13
4,09,quantile,0.1,3.5973003016905216,2024,13
1,09,quantile,0.15,5.23454631518335,2024,13
2,09,quantile,0.15,4.583247019238524,2024,13
3,09,quantile,0.15,4.146117884570295,2024,13
4,09,quantile,0.15,3.809426950180786,2024,13
1,09,quantile,0.2,5.308384878362979,2024,13
2,09,quantile,0.2,4.700149016208138,2024,13
3,09,quantile,0.2,4.294875536638295,2024,13
4,09,quantile,0.2,3.983706436643608,2024,13
1,09,quantile,0.25,5.37059298153353,2024,13
2,09,quantile,0.25,4.802309999269282,2024,13
3,09,quantile,0.25,4.423435745599116,2024,13
4,09,quantile,0.25,4.135111914499619,2024,13
1,09,quantile,0.3,5.427650260907875,2024,13
2,09,quantile,0.3,4.894854146299552,2024,13
3,09,quantile,0.3,4.542015149504856,2024,13
4,09,quantile,0.3,4.275611437816737,2024,13
1,09,quantile,0.35,5.480954691754762,2024,13
2,09,quantile,0.35,4.981288859681601,2024,13
3,09,quantile,0.35,4.6524922302361,2024,13
4,09,quantile,0.35,4.402731211476209,2024,13
1,09,quantile,0.4,5.533275564244677,2024,13
2,09,quantile,0.4,5.067254905257301,2024,13
3,09,quantile,0.4,4.7609072327462965,2024,13
4,09,quantile,0.4,4.529220503620771,2024,13
1,09,quantile,0.45,5.585020210841848,2024,13
2,09,quantile,0.45,5.151138107431239,2024,13
3,09,quantile,0.45,4.864480987858799,2024,13
4,09,quantile,0.45,4.651571615949609,2024,13
1,09,quantile,0.5,5.634741343863341,2024,13
2,09,quantile,0.5,5.229730244692216,2024,13
3,09,quantile,0.5,4.9670483063924245,2024,13
4,09,quantile,0.5,4.769500949587273,2024,13
1,09,quantile,0.55,5.683820656208555,2024,13
2,09,quantile,0.55,5.309938385915428,2024,13
3,09,quantile,0.55,5.065900993027252,2024,13
4,09,quantile,0.55,4.883055333389198,2024,13
1,09,quantile,0.6,5.730774360024297,2024,13
2,09,quantile,0.6,5.385149468373639,2024,13
3,09,quantile,0.6,5.162163680312847,2024,13
4,09,quantile,0.6,4.996038489507336,2024,13
1,09,quantile,0.65,5.778836733717062,2024,13
2,09,quantile,0.65,5.462464732715596,2024,13
3,09,quantile,0.65,5.260670886598279,2024,13
4,09,quantile,0.65,5.108649149340762,2024,13
1,09,quantile,0.7,5.828156959948502,2024,13
2,09,quantile,0.7,5.542391145098618,2024,13
3,09,quantile,0.7,5.359970137538883,2024,13
4,09,quantile,0.7,5.221954262628861,2024,13
1,09,quantile,0.75,5.8801723815017,2024,13
2,09,quantile,0.75,5.624534098770099,2024,13
3,09,quantile,0.75,5.462688113134579,2024,13
4,09,quantile,0.75,5.346639054959917,2024,13
1,09,quantile,0.8,5.938673788022865,2024,13
2,09,quantile,0.8,5.718500101290279,2024,13
3,09,quantile,0.8,5.580094605767855,2024,13
4,09,quantile,0.8,5.481732554967669,2024,13
1,09,quantile,0.85,6.005295730370023,2024,13
2,09,quantile,0.85,5.827394525251493,2024,13
3,09,quantile,0.85,5.7213389170967455,2024,13
4,09,quantile,0.85,5.648370886545728,2024,13
1,09,quantile,0.9,6.096414718470914,2024,13
2,09,quantile,0.9,5.976713540524359,2024,13
3,09,quantile,0.9,5.912755347768062,2024,13
4,09,quantile,0.9,5.8742069678237785,2024,13
1,09,quantile,0.95,6.238005538017177,2024,13
2,09,quantile,0.95,6.195012670787979,2024,13
3,09,quantile,0.95,6.172477407106916,2024,13
4,09,quantile,0.95,6.160978308165303,2024,13
1,09,quantile,0.975,6.287822700325572,2024,13
2,09,quantile,0.975,6.269185056662223,2024,13
3,09,quantile,0.975,6.260361425998165,2024,13
4,09,quantile,0.975,6.255916615052709,2024,13
1,09,quantile,0.99,6.308698597149638,2024,13
2,09,quantile,0.99,6.2997760326797,2024,13
3,09,quantile,0.99,6.295854950978582,2024,13
4,09,quantile,0.99,6.293906012264236,2024,13
1,05,quantile,0.01,3.066848011581921,2024,13
2,05,quantile,0.01,2.4142533492715645,2024,13
3,05,quantile,0.01,2.004526828769032,2024,13
4,05,quantile,0.01,1.7160071599288793,2024,13
1,05,quantile,0.025,3.155424531000162,2024,13
2,05,quantile,0.025,2.5516733768481865,2024,13
3,05,quantile,0.025,2.1753914915250983,2024,13
4,05,quantile,0.025,1.911374376993316,2024,13
1,05,quantile,0.05,3.242962399679655,2024,13
2,05,quantile,0.05,2.693230576372057,2024,13
3,05,quantile,0.05,2.353026525606283,2024,13
4,05,quantile,0.05,2.11250448565146,2024,13
1,05,quantile,0.1,3.359072919986436,2024,13
2,05,quantile,0.1,2.8785162959837227,2024,13
3,05,quantile,0.1,2.5813326758829893,2024,13
4,05,quantile,0.1,2.37623217347812,2024,13
1,05,quantile,0.15,3.441700548521005,2024,13
2,05,quantile,0.15,3.013463788061593,2024,13
3,05,quantile,0.15,2.752756760946791,2024,13
4,05,quantile,0.15,2.574045353379703,2024,13
1,05,quantile,0.2,3.5097464992431004,2024,13
2,05,quantile,0.2,3.1248949985982373,2024,13
3,05,quantile,0.2,2.8933305804153107,2024,13
4,05,quantile,0.2,2.7351819344779607,2024,13
1,05,quantile,0.25,3.5701783113899306,2024,13
2,05,quantile,0.25,3.220818018553034,2024,13
3,05,quantile,0.25,3.0130581195423267,2024,13
4,05,quantile,0.25,2.875108003514293,2024,13
1,05,quantile,0.3,3.622463450781009,2024,13
2,05,quantile,0.3,3.3054401819626325,2024,13
3,05,quantile,0.3,3.119567072528697,2024,13
4,05,quantile,0.3,2.995669129586652,2024,13
1,05,quantile,0.35,3.6739196882709777,2024,13
2,05,quantile,0.35,3.3860959876855588,2024,13
3,05,quantile,0.35,3.2182209178928454,2024,13
4,05,quantile,0.35,3.11008196050132,2024,13
1,05,quantile,0.4,3.722612266399016,2024,13
2,05,quantile,0.4,3.4637077100456124,2024,13
3,05,quantile,0.4,3.3160877543111464,2024,13
4,05,quantile,0.4,3.2214209267731464,2024,13
1,05,quantile,0.45,3.769889602855485,2024,13
2,05,quantile,0.45,3.5403990395782463,2024,13
3,05,quantile,0.45,3.4109389702137265,2024,13
4,05,quantile,0.45,3.332595411012486,2024,13
1,05,quantile,0.5,3.816581484487949,2024,13
2,05,quantile,0.5,3.615697517827463,2024,13
3,05,quantile,0.5,3.504226178699655,2024,13
4,05,quantile,0.5,3.439268053107376,2024,13
1,05,quantile,0.55,3.864788669639008,2024,13
2,05,quantile,0.55,3.6936523206080434,2024,13
3,05,quantile,0.55,3.602514861842597,2024,13
4,05,quantile,0.55,3.5483931378744247,2024,13
1,05,quantile,0.6,3.914144458626613,2024,13
2,05,quantile,0.6,3.7724460101997694,2024,13
3,05,quantile,0.6,3.698472823476077,2024,13
4,05,quantile,0.6,3.656565435292765,2024,13
1,05,quantile,0.65,3.964057248266023,2024,13
2,05,quantile,0.65,3.849485545671706,2024,13
3,05,quantile,0.65,3.79111643277536,2024,13
4,05,quantile,0.65,3.759977715315102,2024,13
1,05,quantile,0.7,4.013615537255269,2024,13
2,05,quantile,0.7,3.924924052416057,2024,13
3,05,quantile,0.7,3.881071827962944,2024,13
4,05,quantile,0.7,3.8582237485639768,2024,13
1,05,quantile,0.75,4.05857517506115,2024,13
2,05,quantile,0.75,3.9930538521531007,2024,13
3,05,quantile,0.75,3.961877809076894,2024,13
4,05,quantile,0.75,3.945232516136095,2024,13
1,05,quantile,0.8,4.098998299340791,2024,13
2,05,quantile,0.8,4.053786913363755,2024,13
3,05,quantile,0.8,4.032460373820946,2024,13
4,05,quantile,0.8,4.021554696964414,2024,13
1,05,quantile,0.85,4.134133628850339,2024,13
2,05,quantile,0.85,4.105378186675462,2024,13
3,05,quantile,0.85,4.091844400430572,2024,13
4,05,quantile,0.85,4.085551682786521,2024,13
1,05,quantile,0.9,4.162352730251198,2024,13
2,05,quantile,0.9,4.1462879143505935,2024,13
3,05,quantile,0.9,4.139473395618181,2024,13
4,05,quantile,0.9,4.136084518032967,2024,13
1,05,quantile,0.95,4.183479351131304,2024,13
2,05,quantile,0.95,4.176853691409688,2024,13
3,05,quantile,0.95,4.173918365206034,2024,13
4,05,quantile,0.95,4.172729654083109,2024,13
1,05,quantile,0.975,4.191913340158314,2024,13
2,05,quantile,0.975,4.188717919883729,2024,13
3,05,quantile,0.975,4.187443544280959,2024,13
4,05,quantile,0.975,4.186986249176002,2024,13
1,05,quantile,0.99,4.196320479738508,2024,13
2,05,quantile,0.99,4.195075295579562,2024,13
3,05,quantile,0.99,4.19453032797177,2024,13
4,05,quantile,0.99,4.194355813438095,2024,13
1,21,quantile,0.01,3.3228896320498795,2024,13
2,21,quantile,0.01,2.914014225653354,2024,13
3,21,quantile,0.01,2.6819687566373545,2024,13
4,21,quantile,0.01,2.5109321525590644,2024,13
1,21,quantile,0.025,3.35161838440458,2024,13
2,21,quantile,0.025,2.9503360939051912,2024,13
3,21,quantile,0.025,2.710620768899288,2024,13
4,21,quantile,0.025,2.52656541830459,2024,13
1,21,quantile,0.05,3.380906227730083,2024,13
2,21,quantile,0.05,2.9872819619240003,2024,13
3,21,quantile,0.05,2.74477274943872,2024,13
4,21,quantile,0.05,2.5523658603692443,2024,13
1,21,quantile,0.1,3.4183904704927865,2024,13
2,21,quantile,0.1,3.0379948450688032,2024,13
3,21,quantile,0.1,2.7952878127432514,2024,13
4,21,quantile,0.1,2.6007122632352817,2024,13
1,21,quantile,0.15,3.4478706992106773,2024,13
2,21,quantile,0.15,3.0776803382018856,2024,13
3,21,quantile,0.15,2.839413393759686,2024,13
4,21,quantile,0.15,2.65018428272398,2024,13
1,21,quantile,0.2,3.4708856795055354,2024,13
2,21,quantile,0.2,3.1136409335028827,2024,13
3,21,quantile,0.2,2.881010361613062,2024,13
4,21,quantile,0.2,2.698986228266067,2024,13
1,21,quantile,0.25,3.492358524254344,2024,13
2,21,quantile,0.25,3.145991771179609,2024,13
3,21,quantile,0.25,2.922327415115758,2024,13
4,21,quantile,0.25,2.747213108179918,2024,13
1,21,quantile,0.3,3.5127099293917734,2024,13
2,21,quantile,0.3,3.179025653894628,2024,13
3,21,quantile,0.3,2.963252160584883,2024,13
4,21,quantile,0.3,2.797218586673412,2024,13
1,21,quantile,0.35,3.5326821162105824,2024,13
2,21,quantile,0.35,3.2113373788126647,2024,13
3,21,quantile,0.35,3.0047629490816083,2024,13
4,21,quantile,0.35,2.848350354764716,2024,13
1,21,quantile,0.4,3.553300295637201,2024,13
2,21,quantile,0.4,3.244946321281184,2024,13
3,21,quantile,0.4,3.0493521986080188,2024,13
4,21,quantile,0.4,2.8992243056802285,2024,13
1,21,quantile,0.45,3.574807064069704,2024,13
2,21,quantile,0.45,3.279314734912973,2024,13
3,21,quantile,0.45,3.0930181990418064,2024,13
4,21,quantile,0.45,2.9518082635711664,2024,13
1,21,quantile,0.5,3.596120667349031,2024,13
2,21,quantile,0.5,3.3136226316636552,2024,13
3,21,quantile,0.5,3.1370587851976897,2024,13
4,21,quantile,0.5,3.002738730545685,2024,13
1,21,quantile,0.55,3.6185568589589554,2024,13
2,21,quantile,0.55,3.3512349236739083,2024,13
3,21,quantile,0.55,3.182019319858183,2024,13
4,21,quantile,0.55,3.0555006866132954,2024,13
1,21,quantile,0.6,3.640986241308009,2024,13
2,21,quantile,0.6,3.3886187519710056,2024,13
3,21,quantile,0.6,3.230719448829264,2024,13
4,21,quantile,0.6,3.11352395001296,2024,13
1,21,quantile,0.65,3.6640686773131472,2024,13
2,21,quantile,0.65,3.4254560670628424,2024,13
3,21,quantile,0.65,3.27957192153705,2024,13
4,21,quantile,0.65,3.173459472225058,2024,13
1,21,quantile,0.7,3.689150371832077,2024,13
2,21,quantile,0.7,3.4664559937895554,2024,13
3,21,quantile,0.7,3.3303489336384686,2024,13
4,21,quantile,0.7,3.235457916649949,2024,13
1,21,quantile,0.75,3.716305046122345,2024,13
2,21,quantile,0.75,3.5116435210687955,2024,13
3,21,quantile,0.75,3.3902363489387057,2024,13
4,21,quantile,0.75,3.3063121550254584,2024,13
1,21,quantile,0.8,3.749750188844413,2024,13
2,21,quantile,0.8,3.566077630108086,2024,13
3,21,quantile,0.8,3.461435677304491,2024,13
4,21,quantile,0.8,3.393308075290342,2024,13
1,21,quantile,0.85,3.7888048138298895,2024,13
2,21,quantile,0.85,3.6304030145626696,2024,13
3,21,quantile,0.85,3.5439234934193693,2024,13
4,21,quantile,0.85,3.490410497428845,2024,13
1,21,quantile,0.9,3.837077524196134,2024,13
2,21,quantile,0.9,3.7087141722871615,2024,13
3,21,quantile,0.9,3.641339238724305,2024,13
4,21,quantile,0.9,3.600607881810177,2024,13
1,21,quantile,0.95,3.9008552386322983,2024,13
2,21,quantile,0.95,3.808317498793774,2024,13
3,21,quantile,0.95,3.7603468578411543,2024,13
4,21,quantile,0.95,3.7331310343290447,2024,13
1,21,quantile,0.975,3.9426027577898175,2024,13
2,21,quantile,0.975,3.8713950331971136,2024,13
3,21,quantile,0.975,3.8358102083420818,2024,13
4,21,quantile,0.975,3.816562925993391,2024,13
1,21,quantile,0.99,3.9774109500112127,2024,13
2,21,quantile,0.99,3.923215096030736,2024,13
3,21,quantile,0.99,3.896104486196926,2024,13
4,21,quantile,0.99,3.880581662121645,2024,13
1,11,quantile,0.01,4.3272966183994095,2024,13
2,11,quantile,0.01,3.829808155249028,2024,13
3,11,quantile,0.01,3.345488546676867,2024,13
4,11,quantile,0.01,2.7580543596673137,2024,13
1,11,quantile,0.025,4.397335142841166,2024,13
2,11,quantile,0.025,3.944668208939529,2024,13
3,11,quantile,0.025,3.4877123148128644,2024,13
4,11,quantile,0.025,2.939172938595132,2024,13
1,11,quantile,0.05,4.457243364458846,2024,13
2,11,quantile,0.05,4.043270492996104,2024,13
3,11,quantile,0.05,3.622409211659811,2024,13
4,11,quantile,0.05,3.109498067376904,2024,13
1,11,quantile,0.1,4.525691721753254,2024,13
2,11,quantile,0.1,4.1578150003729135,2024,13
3,11,quantile,0.1,3.7855031648883246,2024,13
4,11,quantile,0.1,3.3272547952526748,2024,13
1,11,quantile,0.15,4.571025144105483,2024,13
2,11,quantile,0.15,4.235391220003664,2024,13
3,11,quantile,0.15,3.8956162354190886,2024,13
4,11,quantile,0.15,3.4741508422787253,2024,13
1,11,quantile,0.2,4.606636849860942,2024,13
2,11,quantile,0.2,4.298226440638231,2024,13
3,11,quantile,0.2,3.981470334613004,2024,13
4,11,quantile,0.2,3.592068809658944,2024,13
1,11,quantile,0.25,4.637501006533727,2024,13
2,11,quantile,0.25,4.352988030799505,2024,13
3,11,quantile,0.25,4.058399940619098,2024,13
4,11,quantile,0.25,3.6947536050241054,2024,13
1,11,quantile,0.3,4.665007723085817,2024,13
2,11,quantile,0.3,4.401552060854053,2024,13
3,11,quantile,0.3,4.126726336028006,2024,13
4,11,quantile,0.3,3.783280137090634,2024,13
1,11,quantile,0.35,4.691081472876268,2024,13
2,11,quantile,0.35,4.447405949705128,2024,13
3,11,quantile,0.35,4.189194560914356,2024,13
4,11,quantile,0.35,3.862959218515519,2024,13
1,11,quantile,0.4,4.716186482468101,2024,13
2,11,quantile,0.4,4.489881323088472,2024,13
3,11,quantile,0.4,4.249448146127304,2024,13
4,11,quantile,0.4,3.9429077736292095,2024,13
1,11,quantile,0.45,4.738718001226017,2024,13
2,11,quantile,0.45,4.532826307681349,2024,13
3,11,quantile,0.45,4.30558768557184,2024,13
4,11,quantile,0.45,4.017869707969272,2024,13
1,11,quantile,0.5,4.761574407892645,2024,13
2,11,quantile,0.5,4.573723145197819,2024,13
3,11,quantile,0.5,4.360667290418762,2024,13
4,11,quantile,0.5,4.092696949479185,2024,13
1,11,quantile,0.55,4.7843096200509,2024,13
2,11,quantile,0.55,4.612120653520726,2024,13
3,11,quantile,0.55,4.414586311692239,2024,13
4,11,quantile,0.55,4.164118961115091,2024,13
1,11,quantile,0.6,4.806321724613048,2024,13
2,11,quantile,0.6,4.651438077078249,2024,13
3,11,quantile,0.6,4.468168178378629,2024,13
4,11,quantile,0.6,4.234617362813723,2024,13
1,11,quantile,0.65,4.828722627634113,2024,13
2,11,quantile,0.65,4.690198411284427,2024,13
3,11,quantile,0.65,4.522177291460476,2024,13
4,11,quantile,0.65,4.302109419504032,2024,13
1,11,quantile,0.7,4.852617779868186,2024,13
2,11,quantile,0.7,4.728594617201732,2024,13
3,11,quantile,0.7,4.57872045344488,2024,13
4,11,quantile,0.7,4.375894964183014,2024,13
1,11,quantile,0.75,4.877984137657322,2024,13
2,11,quantile,0.75,4.769634815287243,2024,13
3,11,quantile,0.75,4.632579869393982,2024,13
4,11,quantile,0.75,4.450160538766657,2024,13
1,11,quantile,0.8,4.9051913832000045,2024,13
2,11,quantile,0.8,4.8138340867651,2024,13
3,11,quantile,0.8,4.691576814864956,2024,13
4,11,quantile,0.8,4.528319067959078,2024,13
1,11,quantile,0.85,4.942492349143158,2024,13
2,11,quantile,0.85,4.862881617343417,2024,13
3,11,quantile,0.85,4.754818095303351,2024,13
4,11,quantile,0.85,4.611407581121615,2024,13
1,11,quantile,0.9,5.007108125002024,2024,13
2,11,quantile,0.9,4.930701826766189,2024,13
3,11,quantile,0.9,4.827346703706533,2024,13
4,11,quantile,0.9,4.704297268398655,2024,13
1,11,quantile,0.95,5.107488188957184,2024,13
2,11,quantile,0.95,5.095039150250027,2024,13
3,11,quantile,0.95,4.930082522697355,2024,13
4,11,quantile,0.95,4.812080090918817,2024,13
1,11,quantile,0.975,5.211363695936885,2024,13
2,11,quantile,0.975,5.266219047795565,2024,13
3,11,quantile,0.975,5.121399610232802,2024,13
4,11,quantile,0.975,4.879249748750985,2024,13
1,11,quantile,0.99,5.350723411646728,2024,13
2,11,quantile,0.99,5.514111218235191,2024,13
3,11,quantile,0.99,5.426459131734932,2024,13
4,11,quantile,0.99,4.992647181912718,2024,13
1,19,quantile,0.01,6.223461317695255,2024,13
2,19,quantile,0.01,5.131965044022976,2024,13
3,19,quantile,0.01,4.381667102512038,2024,13
4,19,quantile,0.01,3.803861678485364,2024,13
1,19,quantile,0.025,6.365994508021018,2024,13
2,19,quantile,0.025,5.36500671273374,2024,13
3,19,quantile,0.025,4.686223879306429,2024,13
4,19,quantile,0.025,4.162811219920436,2024,13
1,19,quantile,0.05,6.504199673182805,2024,13
2,19,quantile,0.05,5.586184481453666,2024,13
3,19,quantile,0.05,4.968996258289979,2024,13
4,19,quantile,0.05,4.491976373726724,2024,13
1,19,quantile,0.1,6.66537949503672,2024,13
2,19,quantile,0.1,5.8553773859454825,2024,13
3,19,quantile,0.1,5.30802228781048,2024,13
4,19,quantile,0.1,4.888980027493968,2024,13
1,19,quantile,0.15,6.779633257743497,2024,13
2,19,quantile,0.15,6.03894208844523,2024,13
3,19,quantile,0.15,5.548791617467971,2024,13
4,19,quantile,0.15,5.172695556406007,2024,13
1,19,quantile,0.2,6.869674141902123,2024,13
2,19,quantile,0.2,6.181073353076642,2024,13
3,19,quantile,0.2,5.732200961471577,2024,13
4,19,quantile,0.2,5.38952690214492,2024,13
1,19,quantile,0.25,6.944926097912236,2024,13
2,19,quantile,0.25,6.307832617126969,2024,13
3,19,quantile,0.25,5.890147114641422,2024,13
4,19,quantile,0.25,5.581879753000123,2024,13
1,19,quantile,0.3,7.013399431279103,2024,13
2,19,quantile,0.3,6.42198746931439,2024,13
3,19,quantile,0.3,6.03753089603196,2024,13
4,19,quantile,0.3,5.7505837776504825,2024,13
1,19,quantile,0.35,7.076842532124521,2024,13
2,19,quantile,0.35,6.527862328633737,2024,13
3,19,quantile,0.35,6.165980312281201,2024,13
4,19,quantile,0.35,5.902140858293753,2024,13
1,19,quantile,0.4,7.13818429391771,2024,13
2,19,quantile,0.4,6.622935585809015,2024,13
3,19,quantile,0.4,6.294546779818596,2024,13
4,19,quantile,0.4,6.050268628598089,2024,13
1,19,quantile,0.45,7.196265641719336,2024,13
2,19,quantile,0.45,6.71957274398765,2024,13
3,19,quantile,0.45,6.41680409673872,2024,13
4,19,quantile,0.45,6.194422438022593,2024,13
1,19,quantile,0.5,7.255151123920561,2024,13
2,19,quantile,0.5,6.812617366755145,2024,13
3,19,quantile,0.5,6.533298972274267,2024,13
4,19,quantile,0.5,6.330539145893411,2024,13
1,19,quantile,0.55,7.309284780945798,2024,13
2,19,quantile,0.55,6.903115689336284,2024,13
3,19,quantile,0.55,6.645776995404383,2024,13
4,19,quantile,0.55,6.464939848791379,2024,13
1,19,quantile,0.6,7.362724111465346,2024,13
2,19,quantile,0.6,6.991220690048781,2024,13
3,19,quantile,0.6,6.761474505136726,2024,13
4,19,quantile,0.6,6.5980866469266255,2024,13
1,19,quantile,0.65,7.414875898459128,2024,13
2,19,quantile,0.65,7.077476278530385,2024,13
3,19,quantile,0.65,6.869402541845648,2024,13
4,19,quantile,0.65,6.723089837143914,2024,13
1,19,quantile,0.7,7.472657384822206,2024,13
2,19,quantile,0.7,7.167898052689532,2024,13
3,19,quantile,0.7,6.9841573691079,2024,13
4,19,quantile,0.7,6.853743095850459,2024,13
1,19,quantile,0.75,7.531661475405245,2024,13
2,19,quantile,0.75,7.264341506699692,2024,13
3,19,quantile,0.75,7.108447495128174,2024,13
4,19,quantile,0.75,7.00243426719363,2024,13
1,19,quantile,0.8,7.596128009832425,2024,13
2,19,quantile,0.8,7.373467185145201,2024,13
3,19,quantile,0.8,7.247910382705097,2024,13
4,19,quantile,0.8,7.1701673216527295,2024,13
1,19,quantile,0.85,7.6681806953280125,2024,13
2,19,quantile,0.85,7.4902491719771165,2024,13
3,19,quantile,0.85,7.396649350431121,2024,13
4,19,quantile,0.85,7.342571187215666,2024,13
1,19,quantile,0.9,7.757253832079154,2024,13
2,19,quantile,0.9,7.631881824836599,2024,13
3,19,quantile,0.9,7.568964718327813,2024,13
4,19,quantile,0.9,7.53469892981137,2024,13
1,19,quantile,0.95,7.85886252135313,2024,13
2,19,quantile,0.95,7.788103146511411,2024,13
3,19,quantile,0.95,7.751803466928201,2024,13
4,19,quantile,0.95,7.734909273272533,2024,13
1,19,quantile,0.975,7.914805981964196,2024,13
2,19,quantile,0.975,7.872547220535724,2024,13
3,19,quantile,0.975,7.852657487640858,2024,13
4,19,quantile,0.975,7.842939972340228,2024,13
1,19,quantile,0.99,7.955297252555914,2024,13
2,19,quantile,0.99,7.931803693855771,2024,13
3,19,quantile,0.99,7.920870675017388,2024,13
4,19,quantile,0.99,7.916310852238135,2024,13
1,08,quantile,0.01,3.460328778130939,2024,13
2,08,quantile,0.01,2.557004489077997,2024,13
3,08,quantile,0.01,1.993890487041696,2024,13
4,08,quantile,0.01,1.5918721730447158,2024,13
1,08,quantile,0.025,3.576541406428376,2024,13
2,08,quantile,0.025,2.737169795679089,2024,13
3,08,quantile,0.025,2.2101581220507027,2024,13
4,08,quantile,0.025,1.8388904634370131,2024,13
1,08,quantile,0.05,3.6832387611998,2024,13
2,08,quantile,0.05,2.9047704738912934,2024,13
3,08,quantile,0.05,2.4215495707763544,2024,13
4,08,quantile,0.05,2.08027026503078,2024,13
1,08,quantile,0.1,3.816518267924761,2024,13
2,08,quantile,0.1,3.1091322624291475,2024,13
3,08,quantile,0.1,2.675646537941008,2024,13
4,08,quantile,0.1,2.370783722902666,2024,13
1,08,quantile,0.15,3.903118613769001,2024,13
2,08,quantile,0.15,3.2482207537820997,2024,13
3,08,quantile,0.15,2.849378905953963,2024,13
4,08,quantile,0.15,2.5700585747096154,2024,13
1,08,quantile,0.2,3.974992698323765,2024,13
2,08,quantile,0.2,3.3623428091866816,2024,13
3,08,quantile,0.2,2.985436812409465,2024,13
4,08,quantile,0.2,2.7292873729373697,2024,13
1,08,quantile,0.25,4.0383186990413975,2024,13
2,08,quantile,0.25,3.462405692574832,2024,13
3,08,quantile,0.25,3.111537873544337,2024,13
4,08,quantile,0.25,2.869891059787742,2024,13
1,08,quantile,0.3,4.095917752398102,2024,13
2,08,quantile,0.3,3.5549307794860514,2024,13
3,08,quantile,0.3,3.22458293265001,2024,13
4,08,quantile,0.3,2.9985846732537498,2024,13
1,08,quantile,0.35,4.147308137382807,2024,13
2,08,quantile,0.35,3.638264151632326,2024,13
3,08,quantile,0.35,3.330282630482089,2024,13
4,08,quantile,0.35,3.119837957590712,2024,13
1,08,quantile,0.4,4.197006130073468,2024,13
2,08,quantile,0.4,3.718487690143299,2024,13
3,08,quantile,0.4,3.4303802943153348,2024,13
4,08,quantile,0.4,3.2336609116725006,2024,13
1,08,quantile,0.45,4.246303116785627,2024,13
2,08,quantile,0.45,3.796192188689008,2024,13
3,08,quantile,0.45,3.52819435429419,2024,13
4,08,quantile,0.45,3.34930162188862,2024,13
1,08,quantile,0.5,4.293381712182903,2024,13
2,08,quantile,0.5,3.874759910758087,2024,13
3,08,quantile,0.5,3.6268624618384298,2024,13
4,08,quantile,0.5,3.459914305926162,2024,13
1,08,quantile,0.55,4.341832099969208,2024,13
2,08,quantile,0.55,3.954007045741577,2024,13
3,08,quantile,0.55,3.7235796454237913,2024,13
4,08,quantile,0.55,3.5715499747747788,2024,13
1,08,quantile,0.6,4.390169851225038,2024,13
2,08,quantile,0.6,4.029527325682427,2024,13
3,08,quantile,0.6,3.8209687716294303,2024,13
4,08,quantile,0.6,3.685808692969482,2024,13
1,08,quantile,0.65,4.438153817983328,2024,13
2,08,quantile,0.65,4.110295758005919,2024,13
3,08,quantile,0.65,3.918813248595691,2024,13
4,08,quantile,0.65,3.796059966539254,2024,13
1,08,quantile,0.7,4.48960650982296,2024,13
2,08,quantile,0.7,4.189995504526396,2024,13
3,08,quantile,0.7,4.020707102425566,2024,13
4,08,quantile,0.7,3.913426334396044,2024,13
1,08,quantile,0.75,4.541391069207339,2024,13
2,08,quantile,0.75,4.274971633794639,2024,13
3,08,quantile,0.75,4.126359752058409,2024,13
4,08,quantile,0.75,4.035171234454982,2024,13
1,08,quantile,0.8,4.598436462004092,2024,13
2,08,quantile,0.8,4.367384125688451,2024,13
3,08,quantile,0.8,4.243676879613657,2024,13
4,08,quantile,0.8,4.16774130026011,2024,13
1,08,quantile,0.85,4.660439236889045,2024,13
2,08,quantile,0.85,4.467443833265305,2024,13
3,08,quantile,0.85,4.366570151175746,2024,13
4,08,quantile,0.85,4.308793065449252,2024,13
1,08,quantile,0.9,4.73418815527697,2024,13
2,08,quantile,0.9,4.586171673916843,2024,13
3,08,quantile,0.9,4.511192162132446,2024,13
4,08,quantile,0.9,4.471690342971003,2024,13
1,08,quantile,0.95,4.8295907832610085,2024,13
2,08,quantile,0.95,4.733069752005002,2024,13
3,08,quantile,0.95,4.685563922189173,2024,13
4,08,quantile,0.95,4.660271906997868,2024,13
1,08,quantile,0.975,4.889543737337781,2024,13
2,08,quantile,0.975,4.8225914122071645,2024,13
3,08,quantile,0.975,4.79048507853816,2024,13
4,08,quantile,0.975,4.774431434047302,2024,13
1,08,quantile,0.99,4.935488144782363,2024,13
2,08,quantile,0.99,4.890903429222524,2024,13
3,08,quantile,0.99,4.870579886219382,2024,13
4,08,quantile,0.99,4.860969954145491,2024,13
1,04,quantile,0.01,4.296223494013864,2024,13
2,04,quantile,0.01,3.509530928423073,2024,13
3,04,quantile,0.01,2.970732134395849,2024,13
4,04,quantile,0.01,2.5317755908609327,2024,13
1,04,quantile,0.025,4.396088451825406,2024,13
2,04,quantile,0.025,3.670028629429429,2024,13
3,04,quantile,0.025,3.174488502402922,2024,13
4,04,quantile,0.025,2.7697153013219187,2024,13
1,04,quantile,0.05,4.493558439092261,2024,13
2,04,quantile,0.05,3.8265664777145534,2024,13
3,04,quantile,0.05,3.370534105302378,2024,13
4,04,quantile,0.05,3.0007528786830227,2024,13
1,04,quantile,0.1,4.607920010094265,2024,13
2,04,quantile,0.1,4.010774560005178,2024,13
3,04,quantile,0.1,3.6038078560008455,2024,13
4,04,quantile,0.1,3.2819475893214305,2024,13
1,04,quantile,0.15,4.688452566644307,2024,13
2,04,quantile,0.15,4.140188923230497,2024,13
3,04,quantile,0.15,3.768789501177284,2024,13
4,04,quantile,0.15,3.4708665074596494,2024,13
1,04,quantile,0.2,4.752857782777985,2024,13
2,04,quantile,0.2,4.244659361165156,2024,13
3,04,quantile,0.2,3.902003136756405,2024,13
4,04,quantile,0.2,3.6242859011667554,2024,13
1,04,quantile,0.25,4.810092027816749,2024,13
2,04,quantile,0.25,4.335509097868252,2024,13
3,04,quantile,0.25,4.015602907313447,2024,13
4,04,quantile,0.25,3.760853440656665,2024,13
1,04,quantile,0.3,4.862094869363267,2024,13
2,04,quantile,0.3,4.417113399845356,2024,13
3,04,quantile,0.3,4.1187415115320265,2024,13
4,04,quantile,0.3,3.8794684273896,2024,13
1,04,quantile,0.35,4.910267357161567,2024,13
2,04,quantile,0.35,4.497253957425561,2024,13
3,04,quantile,0.35,4.220016035633041,2024,13
4,04,quantile,0.35,3.999616182591854,2024,13
1,04,quantile,0.4,4.956726864387631,2024,13
2,04,quantile,0.4,4.571595463868948,2024,13
3,04,quantile,0.4,4.315632503097934,2024,13
4,04,quantile,0.4,4.111403403626282,2024,13
1,04,quantile,0.45,5.002391024660436,2024,13
2,04,quantile,0.45,4.643710452691991,2024,13
3,04,quantile,0.45,4.408255404621191,2024,13
4,04,quantile,0.45,4.22116532318655,2024,13
1,04,quantile,0.5,5.047159314676766,2024,13
2,04,quantile,0.5,4.716389765451603,2024,13
3,04,quantile,0.5,4.497945902613435,2024,13
4,04,quantile,0.5,4.324922934995149,2024,13
1,04,quantile,0.55,5.092049546667682,2024,13
2,04,quantile,0.55,4.788288683993409,2024,13
3,04,quantile,0.55,4.590369172680266,2024,13
4,04,quantile,0.55,4.433218455570613,2024,13
1,04,quantile,0.6,5.136606704680046,2024,13
2,04,quantile,0.6,4.860608213219734,2024,13
3,04,quantile,0.6,4.680394216810218,2024,13
4,04,quantile,0.6,4.537222352964455,2024,13
1,04,quantile,0.65,5.183190012047454,2024,13
2,04,quantile,0.65,4.935304712759165,2024,13
3,04,quantile,0.65,4.77506731411146,2024,13
4,04,quantile,0.65,4.647324802449414,2024,13
1,04,quantile,0.7,5.231835098747264,2024,13
2,04,quantile,0.7,5.010462071591925,2024,13
3,04,quantile,0.7,4.868245874360199,2024,13
4,04,quantile,0.7,4.760797240599888,2024,13
1,04,quantile,0.75,5.282042138112249,2024,13
2,04,quantile,0.75,5.093397372521567,2024,13
3,04,quantile,0.75,4.975225954825772,2024,13
4,04,quantile,0.75,4.883631085805207,2024,13
1,04,quantile,0.8,5.341188901925942,2024,13
2,04,quantile,0.8,5.186834662076129,2024,13
3,04,quantile,0.8,5.093047413940062,2024,13
4,04,quantile,0.8,5.024279834688273,2024,13
1,04,quantile,0.85,5.406570683381752,2024,13
2,04,quantile,0.85,5.293641456945785,2024,13
3,04,quantile,0.85,5.230076700361126,2024,13
4,04,quantile,0.85,5.189715529704589,2024,13
1,04,quantile,0.9,5.487325433194255,2024,13
2,04,quantile,0.9,5.420818325563488,2024,13
3,04,quantile,0.9,5.386809794574058,2024,13
4,04,quantile,0.9,5.368733707962443,2024,13
1,04,quantile,0.95,5.566227947542826,2024,13
2,04,quantile,0.95,5.5384470848633285,2024,13
3,04,quantile,0.95,5.52508342374134,2024,13
4,04,quantile,0.95,5.518958827593101,2024,13
1,04,quantile,0.975,5.5972977595757545,2024,13
2,04,quantile,0.975,5.583973696525747,2024,13
3,04,quantile,0.975,5.578690744581806,2024,13
4,04,quantile,0.975,5.576332776978487,2024,13
1,04,quantile,0.99,5.613531671666478,2024,13
2,04,quantile,0.99,5.606971940196297,2024,13
3,04,quantile,0.99,5.6048097500271,2024,13
4,04,quantile,0.99,5.603651219957514,2024,13
1,15,quantile,0.01,3.3340640656950606,2024,13
2,15,quantile,0.01,2.9188666180271854,2024,13
3,15,quantile,0.01,2.684601187488722,2024,13
4,15,quantile,0.01,2.5117754816705498,2024,13
1,15,quantile,0.025,3.3644101381957894,2024,13
2,15,quantile,0.025,2.958665644611948,2024,13
3,15,quantile,0.025,2.7138958501313337,2024,13
4,15,quantile,0.025,2.527840535021113,2024,13
1,15,quantile,0.05,3.3936919859464107,2024,13
2,15,quantile,0.05,2.9964547181510484,2024,13
3,15,quantile,0.05,2.7481744745939656,2024,13
4,15,quantile,0.05,2.5553012547700487,2024,13
1,15,quantile,0.1,3.4332034281598296,2024,13
2,15,quantile,0.1,3.0502818426923586,2024,13
3,15,quantile,0.1,2.8036153442338936,2024,13
4,15,quantile,0.1,2.611996759056332,2024,13
1,15,quantile,0.15,3.462759300635025,2024,13
2,15,quantile,0.15,3.0928588696249717,2024,13
3,15,quantile,0.15,2.85207415268784,2024,13
4,15,quantile,0.15,2.667040393917379,2024,13
1,15,quantile,0.2,3.487672764451612,2024,13
2,15,quantile,0.2,3.130049516076683,2024,13
3,15,quantile,0.2,2.8973943811053355,2024,13
4,15,quantile,0.2,2.7204776469615,2024,13
1,15,quantile,0.25,3.511342286840676,2024,13
2,15,quantile,0.25,3.164051633361737,2024,13
3,15,quantile,0.25,2.9414046796248305,2024,13
4,15,quantile,0.25,2.7725173972608994,2024,13
1,15,quantile,0.3,3.533003987085667,2024,13
2,15,quantile,0.3,3.19960986441708,2024,13
3,15,quantile,0.3,2.9842720302421384,2024,13
4,15,quantile,0.3,2.8236892563447924,2024,13
1,15,quantile,0.35,3.5555665934638,2024,13
2,15,quantile,0.35,3.234806937298352,2024,13
3,15,quantile,0.35,3.028794453189312,2024,13
4,15,quantile,0.35,2.874881653865123,2024,13
1,15,quantile,0.4,3.5778264360506844,2024,13
2,15,quantile,0.4,3.2710564219878617,2024,13
3,15,quantile,0.4,3.0740237076767167,2024,13
4,15,quantile,0.4,2.9300679525915148,2024,13
1,15,quantile,0.45,3.600207582136331,2024,13
2,15,quantile,0.45,3.3073800925242933,2024,13
3,15,quantile,0.45,3.1224393704131077,2024,13
4,15,quantile,0.45,2.9832020837145814,2024,13
1,15,quantile,0.5,3.6227915968345634,2024,13
2,15,quantile,0.5,3.345236671789827,2024,13
3,15,quantile,0.5,3.168788367609624,2024,13
4,15,quantile,0.5,3.0387086882071617,2024,13
1,15,quantile,0.55,3.6455032562395626,2024,13
2,15,quantile,0.55,3.3835296073297307,2024,13
3,15,quantile,0.55,3.2173965928851644,2024,13
4,15,quantile,0.55,3.0962139899192884,2024,13
1,15,quantile,0.6,3.670352968719047,2024,13
2,15,quantile,0.6,3.423436588381618,2024,13
3,15,quantile,0.6,3.268304798975733,2024,13
4,15,quantile,0.6,3.157901972395371,2024,13
1,15,quantile,0.65,3.69682794458265,2024,13
2,15,quantile,0.65,3.4667506425495027,2024,13
3,15,quantile,0.65,3.323899138710941,2024,13
4,15,quantile,0.65,3.225038063420847,2024,13
1,15,quantile,0.7,3.723985374669936,2024,13
2,15,quantile,0.7,3.512393964319309,2024,13
3,15,quantile,0.7,3.3846712784607487,2024,13
4,15,quantile,0.7,3.2977619959683304,2024,13
1,15,quantile,0.75,3.755104767633504,2024,13
2,15,quantile,0.75,3.564826504450493,2024,13
3,15,quantile,0.75,3.454139609033362,2024,13
4,15,quantile,0.75,3.382067546104916,2024,13
1,15,quantile,0.8,3.792768328474308,2024,13
2,15,quantile,0.8,3.627649656033679,2024,13
3,15,quantile,0.8,3.536426530687509,2024,13
4,15,quantile,0.8,3.4790638614653373,2024,13
1,15,quantile,0.85,3.840724584517373,2024,13
2,15,quantile,0.85,3.704701742765211,2024,13
3,15,quantile,0.85,3.630188632434799,2024,13
4,15,quantile,0.85,3.587666375004875,2024,13
1,15,quantile,0.9,3.897103534414147,2024,13
2,15,quantile,0.9,3.792836250649864,2024,13
3,15,quantile,0.9,3.738397752492024,2024,13
4,15,quantile,0.9,3.707599639490876,2024,13
1,15,quantile,0.95,3.964317243177272,2024,13
2,15,quantile,0.95,3.893740808902046,2024,13
3,15,quantile,0.95,3.859079961763937,2024,13
4,15,quantile,0.95,3.838828896015409,2024,13
1,15,quantile,0.975,4.002601278575416,2024,13
2,15,quantile,0.975,3.952320332702947,2024,13
3,15,quantile,0.975,3.927531417514833,2024,13
4,15,quantile,0.975,3.913923260393158,2024,13
1,15,quantile,0.99,4.032142831670877,2024,13
2,15,quantile,0.99,3.996535562809338,2024,13
3,15,quantile,0.99,3.980300817323823,2024,13
4,15,quantile,0.99,3.972655003638924,2024,13
1,06,quantile,0.01,2.927956634842222,2024,13
2,06,quantile,0.01,2.3582042501715708,2024,13
3,06,quantile,0.01,2.003248326199486,2024,13
4,06,quantile,0.01,1.742732525140621,2024,13
1,06,quantile,0.025,3.0113948767384326,2024,13
2,06,quantile,0.025,2.496485841236887,2024,13
3,06,quantile,0.025,2.162564592530749,2024,13
4,06,quantile,0.025,1.9222939265218548,2024,13
1,06,quantile,0.05,3.093862038873411,2024,13
2,06,quantile,0.05,2.6197954988277234,2024,13
3,06,quantile,0.05,2.319799107452441,2024,13
4,06,quantile,0.05,2.0989902655710297,2024,13
1,06,quantile,0.1,3.195170417082884,2024,13
2,06,quantile,0.1,2.7805827342398013,2024,13
3,06,quantile,0.1,2.5174419012770217,2024,13
4,06,quantile,0.1,2.325587063851982,2024,13
1,06,quantile,0.15,3.2717769353546373,2024,13
2,06,quantile,0.15,2.9034993072183606,2024,13
3,06,quantile,0.15,2.67020360221976,2024,13
4,06,quantile,0.15,2.501388443146038,2024,13
1,06,quantile,0.2,3.337263705645702,2024,13
2,06,quantile,0.2,3.009432566714999,2024,13
3,06,quantile,0.2,2.800702850350964,2024,13
4,06,quantile,0.2,2.652606946128888,2024,13
1,06,quantile,0.25,3.393990914300769,2024,13
2,06,quantile,0.25,3.1008191719071405,2024,13
3,06,quantile,0.25,2.918058081598039,2024,13
4,06,quantile,0.25,2.785692571030448,2024,13
1,06,quantile,0.3,3.4457381663913567,2024,13
2,06,quantile,0.3,3.183748593787571,2024,13
3,06,quantile,0.3,3.0225284004371438,2024,13
4,06,quantile,0.3,2.9094803166245207,2024,13
1,06,quantile,0.35,3.495279474961519,2024,13
2,06,quantile,0.35,3.263795575606762,2024,13
3,06,quantile,0.35,3.12177146204134,2024,13
4,06,quantile,0.35,3.022834370969698,2024,13
1,06,quantile,0.4,3.5408651818279124,2024,13
2,06,quantile,0.4,3.338492258191005,2024,13
3,06,quantile,0.4,3.213471942057572,2024,13
4,06,quantile,0.4,3.127876793284341,2024,13
1,06,quantile,0.45,3.5832324092777217,2024,13
2,06,quantile,0.45,3.4058763592355144,2024,13
3,06,quantile,0.45,3.299585458921449,2024,13
4,06,quantile,0.45,3.2306245435554235,2024,13
1,06,quantile,0.5,3.622618948582269,2024,13
2,06,quantile,0.5,3.470498047753044,2024,13
3,06,quantile,0.5,3.383152816219312,2024,13
4,06,quantile,0.5,3.328257739373389,2024,13
1,06,quantile,0.55,3.661404081552139,2024,13
2,06,quantile,0.55,3.5334699579494653,2024,13
3,06,quantile,0.55,3.4621543046908565,2024,13
4,06,quantile,0.55,3.4176222085402093,2024,13
1,06,quantile,0.6,3.6986175966852537,2024,13
2,06,quantile,0.6,3.5942815510310258,2024,13
3,06,quantile,0.6,3.537518739765177,2024,13
4,06,quantile,0.6,3.5032712031165563,2024,13
1,06,quantile,0.65,3.7342288027672974,2024,13
2,06,quantile,0.65,3.650944687148244,2024,13
3,06,quantile,0.65,3.607258806960615,2024,13
4,06,quantile,0.65,3.582806305028168,2024,13
1,06,quantile,0.7,3.769089144993128,2024,13
2,06,quantile,0.7,3.705336904679682,2024,13
3,06,quantile,0.7,3.673028890671192,2024,13
4,06,quantile,0.7,3.656370852156498,2024,13
1,06,quantile,0.75,3.8010142176836985,2024,13
2,06,quantile,0.75,3.7548197888759,2024,13
3,06,quantile,0.75,3.731927466221714,2024,13
4,06,quantile,0.75,3.720354164295823,2024,13
1,06,quantile,0.8,3.829013433925101,2024,13
2,06,quantile,0.8,3.796410966239911,2024,13
3,06,quantile,0.8,3.781897930606541,2024,13
4,06,quantile,0.8,3.7743627210408808,2024,13
1,06,quantile,0.85,3.85287882967141,2024,13
2,06,quantile,0.85,3.832006614558617,2024,13
3,06,quantile,0.85,3.822713629951092,2024,13
4,06,quantile,0.85,3.8185188879097,2024,13
1,06,quantile,0.9,3.8723454906540327,2024,13
2,06,quantile,0.9,3.860709736503128,2024,13
3,06,quantile,0.9,3.855967856477851,2024,13
4,06,quantile,0.9,3.853621303632024,2024,13
1,06,quantile,0.95,3.8882427231057295,2024,13
2,06,quantile,0.95,3.88351855650702,2024,13
3,06,quantile,0.95,3.881560756289719,2024,13
4,06,quantile,0.95,3.880764940227083,2024,13
1,06,quantile,0.975,3.894875062966376,2024,13
2,06,quantile,0.975,3.892725180224745,2024,13
3,06,quantile,0.975,3.891928815984769,2024,13
4,06,quantile,0.975,3.891647847351941,2024,13
1,06,quantile,0.99,3.8985277195521104,2024,13
2,06,quantile,0.99,3.897958200016988,2024,13
3,06,quantile,0.99,3.8977928449965744,2024,13
4,06,quantile,0.99,3.897692608697767,2024,13
1,13,quantile,0.01,1.3338989624916051,2024,13
2,13,quantile,0.01,0.9049231955276208,2024,13
3,13,quantile,0.01,0.6723129706219737,2024,13
4,13,quantile,0.01,0.5116038601347265,2024,13
1,13,quantile,0.025,1.3793562090156153,2024,13
2,13,quantile,0.025,0.954521883874597,2024,13
3,13,quantile,0.025,0.7098646241556105,2024,13
4,13,quantile,0.025,0.5285703868251508,2024,13
1,13,quantile,0.05,1.42116086190631,2024,13
2,13,quantile,0.05,1.0014486108310603,2024,13
3,13,quantile,0.05,0.7484367278136317,2024,13
4,13,quantile,0.05,0.5579062769968453,2024,13
1,13,quantile,0.1,1.4698959521908703,2024,13
2,13,quantile,0.1,1.0601166044138393,2024,13
3,13,quantile,0.1,0.8063729225667408,2024,13
4,13,quantile,0.1,0.6120689253075222,2024,13
1,13,quantile,0.15,1.5035418965091476,2024,13
2,13,quantile,0.15,1.1067739456363883,2024,13
3,13,quantile,0.15,0.855077219226751,2024,13
4,13,quantile,0.15,0.6639788043952612,2024,13
1,13,quantile,0.2,1.5312230221266696,2024,13
2,13,quantile,0.2,1.1460226070425827,2024,13
3,13,quantile,0.2,0.898802468690406,2024,13
4,13,quantile,0.2,0.7106851873078522,2024,13
1,13,quantile,0.25,1.5565090564005093,2024,13
2,13,quantile,0.25,1.181957356250006,2024,13
3,13,quantile,0.25,0.942102628196442,2024,13
4,13,quantile,0.25,0.7580004229512678,2024,13
1,13,quantile,0.3,1.5797123397026485,2024,13
2,13,quantile,0.3,1.2151330776663778,2024,13
3,13,quantile,0.3,0.9801665328582326,2024,13
4,13,quantile,0.3,0.8019558030655508,2024,13
1,13,quantile,0.35,1.599883004415554,2024,13
2,13,quantile,0.35,1.2449586766939944,2024,13
3,13,quantile,0.35,1.0170019515438664,2024,13
4,13,quantile,0.35,0.8435784944855728,2024,13
1,13,quantile,0.4,1.619603772665288,2024,13
2,13,quantile,0.4,1.274189720353914,2024,13
3,13,quantile,0.4,1.0516351124201202,2024,13
4,13,quantile,0.4,0.884507039956502,2024,13
1,13,quantile,0.45,1.6379986416383068,2024,13
2,13,quantile,0.45,1.3031277793311804,2024,13
3,13,quantile,0.45,1.0856667305255838,2024,13
4,13,quantile,0.45,0.9229442643058956,2024,13
1,13,quantile,0.5,1.656754481876217,2024,13
2,13,quantile,0.5,1.3308861178994456,2024,13
3,13,quantile,0.5,1.1186717916476137,2024,13
4,13,quantile,0.5,0.9606347435385,2024,13
1,13,quantile,0.55,1.6748595762265983,2024,13
2,13,quantile,0.55,1.358578653489116,2024,13
3,13,quantile,0.55,1.1535908332029474,2024,13
4,13,quantile,0.55,0.9985854237445329,2024,13
1,13,quantile,0.6,1.6941308047677035,2024,13
2,13,quantile,0.6,1.3882007851715925,2024,13
3,13,quantile,0.6,1.1867955382968522,2024,13
4,13,quantile,0.6,1.037919848031026,2024,13
1,13,quantile,0.65,1.7134242010964809,2024,13
2,13,quantile,0.65,1.4167078143933347,2024,13
3,13,quantile,0.65,1.222756161277589,2024,13
4,13,quantile,0.65,1.0776573186216587,2024,13
1,13,quantile,0.7,1.733162526075435,2024,13
2,13,quantile,0.7,1.4471044009587837,2024,13
3,13,quantile,0.7,1.259319476462286,2024,13
4,13,quantile,0.7,1.118828350038914,2024,13
1,13,quantile,0.75,1.754991962351145,2024,13
2,13,quantile,0.75,1.480061698237798,2024,13
3,13,quantile,0.75,1.2998242771818398,2024,13
4,13,quantile,0.75,1.1654506223940326,2024,13
1,13,quantile,0.8,1.778958087354629,2024,13
2,13,quantile,0.8,1.514818677055799,2024,13
3,13,quantile,0.8,1.3435841729362843,2024,13
4,13,quantile,0.8,1.216386791143035,2024,13
1,13,quantile,0.85,1.8062446938660504,2024,13
2,13,quantile,0.85,1.5574281063069724,2024,13
3,13,quantile,0.85,1.3968556583944,2024,13
4,13,quantile,0.85,1.2767188333676855,2024,13
1,13,quantile,0.9,1.83992132971323,2024,13
2,13,quantile,0.9,1.6115215850229914,2024,13
3,13,quantile,0.9,1.4626811690448118,2024,13
4,13,quantile,0.9,1.3514080777900734,2024,13
1,13,quantile,0.95,1.8904789032932217,2024,13
2,13,quantile,0.95,1.692825197880666,2024,13
3,13,quantile,0.95,1.5603088565405838,2024,13
4,13,quantile,0.95,1.4676314197662188,2024,13
1,13,quantile,0.975,1.933338336027995,2024,13
2,13,quantile,0.975,1.7590488285304535,2024,13
3,13,quantile,0.975,1.644576188353469,2024,13
4,13,quantile,0.975,1.5689511487605283,2024,13
1,13,quantile,0.99,1.978750166826193,2024,13
2,13,quantile,0.99,1.8277806791310176,2024,13
3,13,quantile,0.99,1.735161668393178,2024,13
4,13,quantile,0.99,1.6696346204491077,2024,13
1,01,quantile,0.01,5.344731265176796,2024,13
2,01,quantile,0.01,4.513027905309273,2024,13
3,01,quantile,0.01,3.954539800178967,2024,13
4,01,quantile,0.01,3.5113267381164346,2024,13
1,01,quantile,0.025,5.4467856022801255,2024,13
2,01,quantile,0.025,4.679264303163057,2024,13
3,01,quantile,0.025,4.164353920552806,2024,13
4,01,quantile,0.025,3.76523340012528,2024,13
1,01,quantile,0.05,5.533955787849011,2024,13
2,01,quantile,0.05,4.823514190488607,2024,13
3,01,quantile,0.05,4.353135184587463,2024,13
4,01,quantile,0.05,3.991929346561917,2024,13
1,01,quantile,0.1,5.644713931003501,2024,13
2,01,quantile,0.1,5.002091824708929,2024,13
3,01,quantile,0.1,4.583230305195629,2024,13
4,01,quantile,0.1,4.26500234748212,2024,13
1,01,quantile,0.15,5.722913782573853,2024,13
2,01,quantile,0.15,5.132565242474611,2024,13
3,01,quantile,0.15,4.746032277429445,2024,13
4,01,quantile,0.15,4.463556490118405,2024,13
1,01,quantile,0.2,5.789059764736185,2024,13
2,01,quantile,0.2,5.240932988164436,2024,13
3,01,quantile,0.2,4.8888411590303775,2024,13
4,01,quantile,0.2,4.62690910829829,2024,13
1,01,quantile,0.25,5.849222206767278,2024,13
2,01,quantile,0.25,5.338017513702573,2024,13
3,01,quantile,0.25,5.009397876097849,2024,13
4,01,quantile,0.25,4.769144476418705,2024,13
1,01,quantile,0.3,5.904592632165071,2024,13
2,01,quantile,0.3,5.4302778051760185,2024,13
3,01,quantile,0.3,5.125682750862352,2024,13
4,01,quantile,0.3,4.905839524638557,2024,13
1,01,quantile,0.35,5.957093856420101,2024,13
2,01,quantile,0.35,5.51288148858623,2024,13
3,01,quantile,0.35,5.232403849809076,2024,13
4,01,quantile,0.35,5.031052429730832,2024,13
1,01,quantile,0.4,6.006304495734684,2024,13
2,01,quantile,0.4,5.593760618057637,2024,13
3,01,quantile,0.4,5.334660355494426,2024,13
4,01,quantile,0.4,5.149692986636877,2024,13
1,01,quantile,0.45,6.054749218885913,2024,13
2,01,quantile,0.45,5.670123280452008,2024,13
3,01,quantile,0.45,5.435280157956623,2024,13
4,01,quantile,0.45,5.265309437055547,2024,13
1,01,quantile,0.5,6.1023765609312175,2024,13
2,01,quantile,0.5,5.749859806378456,2024,13
3,01,quantile,0.5,5.534178380084854,2024,13
4,01,quantile,0.5,5.385169361503266,2024,13
1,01,quantile,0.55,6.150509561035675,2024,13
2,01,quantile,0.55,5.830255154801642,2024,13
3,01,quantile,0.55,5.637996750395483,2024,13
4,01,quantile,0.55,5.505249184291211,2024,13
1,01,quantile,0.6,6.199922373921859,2024,13
2,01,quantile,0.6,5.91309120345572,2024,13
3,01,quantile,0.6,5.740160938075048,2024,13
4,01,quantile,0.6,5.623931524324061,2024,13
1,01,quantile,0.65,6.249755005573194,2024,13
2,01,quantile,0.65,5.992266917943242,2024,13
3,01,quantile,0.65,5.841647061155096,2024,13
4,01,quantile,0.65,5.746298763629624,2024,13
1,01,quantile,0.7,6.303928656001742,2024,13
2,01,quantile,0.7,6.080856848341754,2024,13
3,01,quantile,0.7,5.957081246706619,2024,13
4,01,quantile,0.7,5.881325439243066,2024,13
1,01,quantile,0.75,6.362474468796201,2024,13
2,01,quantile,0.75,6.17786355511517,2024,13
3,01,quantile,0.75,6.07749014348186,2024,13
4,01,quantile,0.75,6.019686430273564,2024,13
1,01,quantile,0.8,6.427017585751514,2024,13
2,01,quantile,0.8,6.281501838883887,2024,13
3,01,quantile,0.8,6.206976355252127,2024,13
4,01,quantile,0.8,6.165406283274244,2024,13
1,01,quantile,0.85,6.493381807597094,2024,13
2,01,quantile,0.85,6.384976966117821,2024,13
3,01,quantile,0.85,6.332506146574965,2024,13
4,01,quantile,0.85,6.303333440399517,2024,13
1,01,quantile,0.9,6.559785089612922,2024,13
2,01,quantile,0.9,6.486113265520066,2024,13
3,01,quantile,0.9,6.450823976723274,2024,13
4,01,quantile,0.9,6.432304513915506,2024,13
1,01,quantile,0.95,6.624082870383897,2024,13
2,01,quantile,0.95,6.580143588034052,2024,13
3,01,quantile,0.95,6.56080762226014,2024,13
4,01,quantile,0.95,6.551389863139477,2024,13
1,01,quantile,0.975,6.656340509175449,2024,13
2,01,quantile,0.975,6.62802344622905,2024,13
3,01,quantile,0.975,6.615624355630277,2024,13
4,01,quantile,0.975,6.609556631769698,2024,13
1,01,quantile,0.99,6.677948552983913,2024,13
2,01,quantile,0.99,6.659325884163367,2024,13
3,01,quantile,0.99,6.6525140280482224,2024,13
4,01,quantile,0.99,6.649119802828181,2024,13
1,14,quantile,0.01,3.159319979491482,2024,13
2,14,quantile,0.01,2.575583203087186,2024,13
3,14,quantile,0.01,2.199056671710641,2024,13
4,14,quantile,0.01,1.905319700827613,2024,13
1,14,quantile,0.025,3.2485726771788457,2024,13
2,14,quantile,0.025,2.721416550947491,2024,13
3,14,quantile,0.025,2.3765767996043934,2024,13
4,14,quantile,0.025,2.118265782296966,2024,13
1,14,quantile,0.05,3.333392489574669,2024,13
2,14,quantile,0.05,2.861144655315229,2024,13
3,14,quantile,0.05,2.550764858461768,2024,13
4,14,quantile,0.05,2.316024121505692,2024,13
1,14,quantile,0.1,3.4458039689798685,2024,13
2,14,quantile,0.1,3.039852888357666,2024,13
3,14,quantile,0.1,2.778208375421948,2024,13
4,14,quantile,0.1,2.5816898412754217,2024,13
1,14,quantile,0.15,3.5240560718494,2024,13
2,14,quantile,0.15,3.168745375380388,2024,13
3,14,quantile,0.15,2.9426637994284035,2024,13
4,14,quantile,0.15,2.769992439226176,2024,13
1,14,quantile,0.2,3.5879305086412536,2024,13
2,14,quantile,0.2,3.272121386074676,2024,13
3,14,quantile,0.2,3.072441462533613,2024,13
4,14,quantile,0.2,2.9224601995345605,2024,13
1,14,quantile,0.25,3.641142817624488,2024,13
2,14,quantile,0.25,3.356813904570358,2024,13
3,14,quantile,0.25,3.1808394838493435,2024,13
4,14,quantile,0.25,3.0494949131080005,2024,13
1,14,quantile,0.3,3.690675757200218,2024,13
2,14,quantile,0.3,3.437027341068173,2024,13
3,14,quantile,0.3,3.2827511831541867,2024,13
4,14,quantile,0.3,3.166363121765825,2024,13
1,14,quantile,0.35,3.738158815238279,2024,13
2,14,quantile,0.35,3.5151087832961383,2024,13
3,14,quantile,0.35,3.3783951774086245,2024,13
4,14,quantile,0.35,3.2802137109482774,2024,13
1,14,quantile,0.4,3.782370729914663,2024,13
2,14,quantile,0.4,3.587151033877308,2024,13
3,14,quantile,0.4,3.4689833535301533,2024,13
4,14,quantile,0.4,3.38976871147354,2024,13
1,14,quantile,0.45,3.8242176175869376,2024,13
2,14,quantile,0.45,3.657484351197605,2024,13
3,14,quantile,0.45,3.5591329657637085,2024,13
4,14,quantile,0.45,3.4934798209575297,2024,13
1,14,quantile,0.5,3.869961600613829,2024,13
2,14,quantile,0.5,3.729904938842128,2024,13
3,14,quantile,0.5,3.651025741857488,2024,13
4,14,quantile,0.5,3.5995566128289576,2024,13
1,14,quantile,0.55,3.91498810595151,2024,13
2,14,quantile,0.55,3.803787273044688,2024,13
3,14,quantile,0.55,3.742585901854849,2024,13
4,14,quantile,0.55,3.706288385601192,2024,13
1,14,quantile,0.6,3.961856292551002,2024,13
2,14,quantile,0.6,3.8771644219172576,2024,13
3,14,quantile,0.6,3.83393740423233,2024,13
4,14,quantile,0.6,3.8090460610104393,2024,13
1,14,quantile,0.65,4.0030428769519375,2024,13
2,14,quantile,0.65,3.9414327315063926,2024,13
3,14,quantile,0.65,3.911333587426766,2024,13
4,14,quantile,0.65,3.894456093031053,2024,13
1,14,quantile,0.7,4.039527439706659,2024,13
2,14,quantile,0.7,3.997126899931523,2024,13
3,14,quantile,0.7,3.976977758105016,2024,13
4,14,quantile,0.7,3.966365732048737,2024,13
1,14,quantile,0.75,4.069400255382169,2024,13
2,14,quantile,0.75,4.042112680112414,2024,13
3,14,quantile,0.75,4.029091474524709,2024,13
4,14,quantile,0.75,4.02236992091026,2024,13
1,14,quantile,0.8,4.090909934338584,2024,13
2,14,quantile,0.8,4.073742130321842,2024,13
3,14,quantile,0.8,4.065638159037122,2024,13
4,14,quantile,0.8,4.062225003095652,2024,13
1,14,quantile,0.85,4.106983355292938,2024,13
2,14,quantile,0.85,4.09723715297876,2024,13
3,14,quantile,0.85,4.092903261533058,2024,13
4,14,quantile,0.85,4.090979796245208,2024,13
1,14,quantile,0.9,4.118239943379908,2024,13
2,14,quantile,0.9,4.113593965151472,2024,13
3,14,quantile,0.9,4.1116298899251325,2024,13
4,14,quantile,0.9,4.110747517893777,2024,13
1,14,quantile,0.95,4.1257396015080445,2024,13
2,14,quantile,0.95,4.124089051700252,2024,13
3,14,quantile,0.95,4.123458866594227,2024,13
4,14,quantile,0.95,4.123138012315974,2024,13
1,14,quantile,0.975,4.128275666823015,2024,13
2,14,quantile,0.975,4.127618723219675,2024,13
3,14,quantile,0.975,4.127385665130275,2024,13
4,14,quantile,0.975,4.127270432508451,2024,13
1,14,quantile,0.99,4.12952660302591,2024,13
2,14,quantile,0.99,4.129344602206287,2024,13
3,14,quantile,0.99,4.1292758977741055,2024,13
4,14,quantile,0.99,4.129255108643228,2024,13
1,12,quantile,0.01,4.190341845532642,2024,13
2,12,quantile,0.01,3.652573501575889,2024,13
3,12,quantile,0.01,3.180036266712683,2024,13
4,12,quantile,0.01,2.795835306221886,2024,13
1,12,quantile,0.025,4.276004670793446,2024,13
2,12,quantile,0.025,3.79466398664998,2024,13
3,12,quantile,0.025,3.381800129477959,2024,13
4,12,quantile,0.025,3.0118753675644263,2024,13
1,12,quantile,0.05,4.357587496056029,2024,13
2,12,quantile,0.05,3.938551721135437,2024,13
3,12,quantile,0.05,3.574404770728401,2024,13
4,12,quantile,0.05,3.261477286366126,2024,13
1,12,quantile,0.1,4.455781217512897,2024,13
2,12,quantile,0.1,4.11953267261095,2024,13
3,12,quantile,0.1,3.81692217129205,2024,13
4,12,quantile,0.1,3.545843751402312,2024,13
1,12,quantile,0.15,4.527572889584466,2024,13
2,12,quantile,0.15,4.249247105067862,2024,13
3,12,quantile,0.15,3.98921985777333,2024,13
4,12,quantile,0.15,3.748097893783985,2024,13
1,12,quantile,0.2,4.5874090423908,2024,13
2,12,quantile,0.2,4.353556155714602,2024,13
3,12,quantile,0.2,4.130513346787208,2024,13
4,12,quantile,0.2,3.9124569695026814,2024,13
1,12,quantile,0.25,4.636813867078216,2024,13
2,12,quantile,0.25,4.446572463896498,2024,13
3,12,quantile,0.25,4.250980214718746,2024,13
4,12,quantile,0.25,4.058046905055466,2024,13
1,12,quantile,0.3,4.680058924487585,2024,13
2,12,quantile,0.3,4.525140725278825,2024,13
3,12,quantile,0.3,4.360254386112122,2024,13
4,12,quantile,0.3,4.183746889245636,2024,13
1,12,quantile,0.35,4.717976904354127,2024,13
2,12,quantile,0.35,4.593833277056727,2024,13
3,12,quantile,0.35,4.453757562894599,2024,13
4,12,quantile,0.35,4.29542697153509,2024,13
1,12,quantile,0.4,4.750434324111167,2024,13
2,12,quantile,0.4,4.654769572511279,2024,13
3,12,quantile,0.4,4.534980806511704,2024,13
4,12,quantile,0.4,4.3949395954566,2024,13
1,12,quantile,0.45,4.778598693699816,2024,13
2,12,quantile,0.45,4.705917783735569,2024,13
3,12,quantile,0.45,4.606878835001839,2024,13
4,12,quantile,0.45,4.482748530638592,2024,13
1,12,quantile,0.5,4.801438788404879,2024,13
2,12,quantile,0.5,4.750313719319431,2024,13
3,12,quantile,0.5,4.671515349576843,2024,13
4,12,quantile,0.5,4.563273957504785,2024,13
1,12,quantile,0.55,4.819847079464043,2024,13
2,12,quantile,0.55,4.785997766401412,2024,13
3,12,quantile,0.55,4.725969981983613,2024,13
4,12,quantile,0.55,4.637262659854764,2024,13
1,12,quantile,0.6,4.832603281747225,2024,13
2,12,quantile,0.6,4.813281323879614,2024,13
3,12,quantile,0.6,4.771426817337057,2024,13
4,12,quantile,0.6,4.701978425018786,2024,13
1,12,quantile,0.65,4.839140377663782,2024,13
2,12,quantile,0.65,4.8318783262653024,2024,13
3,12,quantile,0.65,4.807220900498963,2024,13
4,12,quantile,0.65,4.754431130736868,2024,13
1,12,quantile,0.7,4.847018525191914,2024,13
2,12,quantile,0.7,4.839651066361005,2024,13
3,12,quantile,0.7,4.830685492214117,2024,13
4,12,quantile,0.7,4.796624022079556,2024,13
1,12,quantile,0.75,4.873249450830944,2024,13
2,12,quantile,0.75,4.864113391355812,2024,13
3,12,quantile,0.75,4.83964680406777,2024,13
4,12,quantile,0.75,4.827712646708211,2024,13
1,12,quantile,0.8,4.904854182429057,2024,13
2,12,quantile,0.8,4.916947239933292,2024,13
3,12,quantile,0.8,4.875876514754172,2024,13
4,12,quantile,0.8,4.839319673953845,2024,13
1,12,quantile,0.85,4.944909920848771,2024,13
2,12,quantile,0.85,4.987464128878678,2024,13
3,12,quantile,0.85,4.960973499318986,2024,13
4,12,quantile,0.85,4.882991873448626,2024,13
1,12,quantile,0.9,4.999099217899863,2024,13
2,12,quantile,0.9,5.084106282506964,2024,13
3,12,quantile,0.9,5.085236113862269,2024,13
4,12,quantile,0.9,5.013318371517323,2024,13
1,12,quantile,0.95,5.088849308745388,2024,13
2,12,quantile,0.95,5.2490174550527415,2024,13
3,12,quantile,0.95,5.303841405248485,2024,13
4,12,quantile,0.95,5.264303212828409,2024,13
1,12,quantile,0.975,5.17621779809165,2024,13
2,12,quantile,0.975,5.404572397066565,2024,13
3,12,quantile,0.975,5.530023574292597,2024,13
4,12,quantile,0.975,5.534809544298,2024,13
1,12,quantile,0.99,5.27717578293724,2024,13
2,12,quantile,0.99,5.605532015148807,2024,13
3,12,quantile,0.99,5.81943848353422,2024,13
4,12,quantile,0.99,5.926703234681113,2024,13
1,10,quantile,0.01,3.8850889455615865,2024,13
2,10,quantile,0.01,3.179908962245565,2024,13
3,10,quantile,0.01,2.715924982431768,2024,13
4,10,quantile,0.01,2.358808726976811,2024,13
1,10,quantile,0.025,3.981794284553908,2024,13
2,10,quantile,0.025,3.328842522635272,2024,13
3,10,quantile,0.025,2.9041304143556848,2024,13
4,10,quantile,0.025,2.5757594455729413,2024,13
1,10,quantile,0.05,4.077424329742967,2024,13
2,10,quantile,0.05,3.4819105002861463,2024,13
3,10,quantile,0.05,3.089722663205631,2024,13
4,10,quantile,0.05,2.7932005411922,2024,13
1,10,quantile,0.1,4.189263427414702,2024,13
2,10,quantile,0.1,3.664359428512065,2024,13
3,10,quantile,0.1,3.326929651180212,2024,13
4,10,quantile,0.1,3.0666382397576104,2024,13
1,10,quantile,0.15,4.268532210494544,2024,13
2,10,quantile,0.15,3.79569216481342,2024,13
3,10,quantile,0.15,3.4876487830874927,2024,13
4,10,quantile,0.15,3.255108900493349,2024,13
1,10,quantile,0.2,4.334121726753052,2024,13
2,10,quantile,0.2,3.9007350926323774,2024,13
3,10,quantile,0.2,3.619685404772258,2024,13
4,10,quantile,0.2,3.4068436274772704,2024,13
1,10,quantile,0.25,4.387184717045562,2024,13
2,10,quantile,0.25,3.9878274274044023,2024,13
3,10,quantile,0.25,3.7328038799776815,2024,13
4,10,quantile,0.25,3.5406218270389878,2024,13
1,10,quantile,0.3,4.438748368064089,2024,13
2,10,quantile,0.3,4.069235597571037,2024,13
3,10,quantile,0.3,3.8343283967069137,2024,13
4,10,quantile,0.3,3.657796175851352,2024,13
1,10,quantile,0.35,4.486946117966698,2024,13
2,10,quantile,0.35,4.146423327378837,2024,13
3,10,quantile,0.35,3.930079145334112,2024,13
4,10,quantile,0.35,3.770760496479249,2024,13
1,10,quantile,0.4,4.532393690376718,2024,13
2,10,quantile,0.4,4.222373447594776,2024,13
3,10,quantile,0.4,4.02662193910413,2024,13
4,10,quantile,0.4,3.8810734215582463,2024,13
1,10,quantile,0.45,4.5783561394505785,2024,13
2,10,quantile,0.45,4.294512403353006,2024,13
3,10,quantile,0.45,4.118781815609277,2024,13
4,10,quantile,0.45,3.989642148982251,2024,13
1,10,quantile,0.5,4.621602205984267,2024,13
2,10,quantile,0.5,4.367530301920988,2024,13
3,10,quantile,0.5,4.210276793359872,2024,13
4,10,quantile,0.5,4.096461347631375,2024,13
1,10,quantile,0.55,4.665071222803602,2024,13
2,10,quantile,0.55,4.437658966710465,2024,13
3,10,quantile,0.55,4.298108254862672,2024,13
4,10,quantile,0.55,4.200670790325495,2024,13
1,10,quantile,0.6,4.710683049233967,2024,13
2,10,quantile,0.6,4.511760982329179,2024,13
3,10,quantile,0.6,4.393328338516634,2024,13
4,10,quantile,0.6,4.309952258902809,2024,13
1,10,quantile,0.65,4.759043235427889,2024,13
2,10,quantile,0.65,4.590110429502544,2024,13
3,10,quantile,0.65,4.490678754709607,2024,13
4,10,quantile,0.65,4.426725883916868,2024,13
1,10,quantile,0.7,4.808909007245324,2024,13
2,10,quantile,0.7,4.6717901264382,2024,13
3,10,quantile,0.7,4.595564836910786,2024,13
4,10,quantile,0.7,4.547616515815081,2024,13
1,10,quantile,0.75,4.8633854486020045,2024,13
2,10,quantile,0.75,4.7603973441480125,2024,13
3,10,quantile,0.75,4.708223317853158,2024,13
4,10,quantile,0.75,4.678207614415285,2024,13
1,10,quantile,0.8,4.921132984355659,2024,13
2,10,quantile,0.8,4.851977488155663,2024,13
3,10,quantile,0.8,4.8162644717684735,2024,13
4,10,quantile,0.8,4.798640850514476,2024,13
1,10,quantile,0.85,4.971829172277396,2024,13
2,10,quantile,0.85,4.927636057871923,2024,13
3,10,quantile,0.85,4.907789083825804,2024,13
4,10,quantile,0.85,4.895989720943199,2024,13
1,10,quantile,0.9,5.009819319348482,2024,13
2,10,quantile,0.9,4.98357079885803,2024,13
3,10,quantile,0.9,4.972491494806101,2024,13
4,10,quantile,0.9,4.966730314025866,2024,13
1,10,quantile,0.95,5.0389482154299765,2024,13
2,10,quantile,0.95,5.025922932236009,2024,13
3,10,quantile,0.95,5.020693152602715,2024,13
4,10,quantile,0.95,5.018646260864486,2024,13
1,10,quantile,0.975,5.052126564176849,2024,13
2,10,quantile,0.975,5.044579505529931,2024,13
3,10,quantile,0.975,5.041594837547384,2024,13
4,10,quantile,0.975,5.040226359482542,2024,13
1,10,quantile,0.99,5.059960307039754,2024,13
2,10,quantile,0.99,5.055866751798654,2024,13
3,10,quantile,0.99,5.054172319777914,2024,13
4,10,quantile,0.99,5.053541773208422,2024,13
