team_name,model_name,horizon,start_date,end_date,location_id,target,p_baseline,p_low,p_medium,p_high,p_very_high,influmeter_index
Influcast,Ensemble,1,2026-03-02,2026-03-08,01,ARI,47.51,52.49,0.0,0.0,0.0,20.35
Influcast,Ensemble,2,2026-03-09,2026-03-15,01,ARI,76.47,23.53,0.0,0.0,0.0,16.6
Influcast,Ensemble,3,2026-03-16,2026-03-22,01,ARI,89.32,10.68,0.0,0.0,0.0,13.59
Influcast,Ensemble,4,2026-03-23,2026-03-29,01,ARI,95.04,4.96,0.0,0.0,0.0,11.11
Influcast,Ensemble,1,2026-03-02,2026-03-08,02,ARI,28.19,71.81,0.0,0.0,0.0,22.85
Influcast,Ensemble,2,2026-03-09,2026-03-15,02,ARI,67.83,32.17,0.0,0.0,0.0,17.68
Influcast,Ensemble,3,2026-03-16,2026-03-22,02,ARI,88.31,11.69,0.0,0.0,0.0,14.1
Influcast,Ensemble,4,2026-03-23,2026-03-29,02,ARI,96.99,3.01,0.0,0.0,0.0,11.12
Influcast,Ensemble,1,2026-03-02,2026-03-08,03,ARI,66.1,33.9,0.0,0.0,0.0,18.0
Influcast,Ensemble,2,2026-03-09,2026-03-15,03,ARI,78.29,21.71,0.0,0.0,0.0,15.7
Influcast,Ensemble,3,2026-03-16,2026-03-22,03,ARI,85.54,14.46,0.0,0.0,0.0,13.92
Influcast,Ensemble,4,2026-03-23,2026-03-29,03,ARI,90.81,9.19,0.0,0.0,0.0,12.42
Influcast,Ensemble,1,2026-03-02,2026-03-08,04,ARI,52.63,47.37,0.0,0.0,0.0,19.72
Influcast,Ensemble,2,2026-03-09,2026-03-15,04,ARI,81.88,18.12,0.0,0.0,0.0,15.65
Influcast,Ensemble,3,2026-03-16,2026-03-22,04,ARI,91.65,8.35,0.0,0.0,0.0,12.49
Influcast,Ensemble,4,2026-03-23,2026-03-29,04,ARI,95.97,4.03,0.0,0.0,0.0,9.95
Influcast,Ensemble,1,2026-03-02,2026-03-08,05,ARI,72.48,27.52,0.0,0.0,0.0,17.13
Influcast,Ensemble,2,2026-03-09,2026-03-15,05,ARI,84.9,15.1,0.0,0.0,0.0,14.25
Influcast,Ensemble,3,2026-03-16,2026-03-22,05,ARI,91.46,8.54,0.0,0.0,0.0,11.85
Influcast,Ensemble,4,2026-03-23,2026-03-29,05,ARI,96.52,3.48,0.0,0.0,0.0,9.87
Influcast,Ensemble,1,2026-03-02,2026-03-08,06,ARI,53.0,47.0,0.0,0.0,0.0,19.56
Influcast,Ensemble,2,2026-03-09,2026-03-15,06,ARI,77.07,22.93,0.0,0.0,0.0,15.75
Influcast,Ensemble,3,2026-03-16,2026-03-22,06,ARI,91.04,8.96,0.0,0.0,0.0,12.84
Influcast,Ensemble,4,2026-03-23,2026-03-29,06,ARI,97.24,2.76,0.0,0.0,0.0,10.42
Influcast,Ensemble,1,2026-03-02,2026-03-08,07,ARI,86.04,13.96,0.0,0.0,0.0,15.29
Influcast,Ensemble,2,2026-03-09,2026-03-15,07,ARI,91.38,8.62,0.0,0.0,0.0,12.84
Influcast,Ensemble,3,2026-03-16,2026-03-22,07,ARI,94.76,5.24,0.0,0.0,0.0,10.89
Influcast,Ensemble,4,2026-03-23,2026-03-29,07,ARI,97.66,2.34,0.0,0.0,0.0,9.23
Influcast,Ensemble,1,2026-03-02,2026-03-08,08,ARI,77.17,22.83,0.0,0.0,0.0,16.24
Influcast,Ensemble,2,2026-03-09,2026-03-15,08,ARI,87.99,12.01,0.0,0.0,0.0,13.91
Influcast,Ensemble,3,2026-03-16,2026-03-22,08,ARI,94.79,5.21,0.0,0.0,0.0,11.89
Influcast,Ensemble,4,2026-03-23,2026-03-29,08,ARI,97.85,2.15,0.0,0.0,0.0,10.14
Influcast,Ensemble,1,2026-03-02,2026-03-08,09,ARI,86.88,13.12,0.0,0.0,0.0,14.85
Influcast,Ensemble,2,2026-03-09,2026-03-15,09,ARI,92.84,7.16,0.0,0.0,0.0,12.54
Influcast,Ensemble,3,2026-03-16,2026-03-22,09,ARI,96.44,3.56,0.0,0.0,0.0,10.62
Influcast,Ensemble,4,2026-03-23,2026-03-29,09,ARI,99.38,0.62,0.0,0.0,0.0,9.03
Influcast,Ensemble,1,2026-03-02,2026-03-08,10,ARI,24.17,75.83,0.0,0.0,0.0,22.97
Influcast,Ensemble,2,2026-03-09,2026-03-15,10,ARI,66.86,33.14,0.0,0.0,0.0,17.75
Influcast,Ensemble,3,2026-03-16,2026-03-22,10,ARI,87.06,12.94,0.0,0.0,0.0,14.01
Influcast,Ensemble,4,2026-03-23,2026-03-29,10,ARI,96.85,3.15,0.0,0.0,0.0,10.97
Influcast,Ensemble,1,2026-03-02,2026-03-08,11,ARI,91.84,8.16,0.0,0.0,0.0,13.56
Influcast,Ensemble,2,2026-03-09,2026-03-15,11,ARI,96.32,3.68,0.0,0.0,0.0,11.7
Influcast,Ensemble,3,2026-03-16,2026-03-22,11,ARI,97.73,2.27,0.0,0.0,0.0,10.18
Influcast,Ensemble,4,2026-03-23,2026-03-29,11,ARI,99.69,0.31,0.0,0.0,0.0,9.01
Influcast,Ensemble,1,2026-03-02,2026-03-08,12,ARI,49.03,50.97,0.0,0.0,0.0,20.09
Influcast,Ensemble,2,2026-03-09,2026-03-15,12,ARI,75.53,24.47,0.0,0.0,0.0,16.51
Influcast,Ensemble,3,2026-03-16,2026-03-22,12,ARI,89.52,10.48,0.0,0.0,0.0,13.56
Influcast,Ensemble,4,2026-03-23,2026-03-29,12,ARI,95.18,4.82,0.0,0.0,0.0,11.05
Influcast,Ensemble,1,2026-03-02,2026-03-08,13,ARI,79.52,20.48,0.0,0.0,0.0,16.3
Influcast,Ensemble,2,2026-03-09,2026-03-15,13,ARI,91.19,8.81,0.0,0.0,0.0,13.58
Influcast,Ensemble,3,2026-03-16,2026-03-22,13,ARI,96.77,3.23,0.0,0.0,0.0,11.51
Influcast,Ensemble,4,2026-03-23,2026-03-29,13,ARI,99.79,0.21,0.0,0.0,0.0,9.75
Influcast,Ensemble,1,2026-03-02,2026-03-08,14,ARI,85.51,14.49,0.0,0.0,0.0,14.01
Influcast,Ensemble,2,2026-03-09,2026-03-15,14,ARI,91.6,8.4,0.0,0.0,0.0,11.87
Influcast,Ensemble,3,2026-03-16,2026-03-22,14,ARI,94.4,5.6,0.0,0.0,0.0,10.16
Influcast,Ensemble,4,2026-03-23,2026-03-29,14,ARI,97.37,2.63,0.0,0.0,0.0,8.8
Influcast,Ensemble,1,2026-03-02,2026-03-08,15,ARI,68.67,31.33,0.0,0.0,0.0,17.48
Influcast,Ensemble,2,2026-03-09,2026-03-15,15,ARI,84.14,15.86,0.0,0.0,0.0,14.08
Influcast,Ensemble,3,2026-03-16,2026-03-22,15,ARI,91.88,8.12,0.0,0.0,0.0,11.5
Influcast,Ensemble,4,2026-03-23,2026-03-29,15,ARI,96.54,3.46,0.0,0.0,0.0,9.42
Influcast,Ensemble,1,2026-03-02,2026-03-08,16,ARI,100.0,0.0,0.0,0.0,0.0,15.76
Influcast,Ensemble,2,2026-03-09,2026-03-15,16,ARI,100.0,0.0,0.0,0.0,0.0,13.87
Influcast,Ensemble,3,2026-03-16,2026-03-22,16,ARI,100.0,0.0,0.0,0.0,0.0,12.39
Influcast,Ensemble,4,2026-03-23,2026-03-29,16,ARI,100.0,0.0,0.0,0.0,0.0,11.08
Influcast,Ensemble,1,2026-03-02,2026-03-08,17,ARI,81.21,18.79,0.0,0.0,0.0,15.52
Influcast,Ensemble,2,2026-03-09,2026-03-15,17,ARI,87.2,12.8,0.0,0.0,0.0,13.13
Influcast,Ensemble,3,2026-03-16,2026-03-22,17,ARI,92.62,7.38,0.0,0.0,0.0,11.18
Influcast,Ensemble,4,2026-03-23,2026-03-29,17,ARI,96.65,3.35,0.0,0.0,0.0,9.53
Influcast,Ensemble,1,2026-03-02,2026-03-08,18,ARI,84.26,15.74,0.0,0.0,0.0,14.09
Influcast,Ensemble,2,2026-03-09,2026-03-15,18,ARI,90.53,9.47,0.0,0.0,0.0,11.91
Influcast,Ensemble,3,2026-03-16,2026-03-22,18,ARI,94.92,5.08,0.0,0.0,0.0,10.22
Influcast,Ensemble,4,2026-03-23,2026-03-29,18,ARI,97.53,2.47,0.0,0.0,0.0,8.81
Influcast,Ensemble,1,2026-03-02,2026-03-08,19,ARI,83.73,16.27,0.0,0.0,0.0,15.74
Influcast,Ensemble,2,2026-03-09,2026-03-15,19,ARI,92.03,7.97,0.0,0.0,0.0,13.31
Influcast,Ensemble,3,2026-03-16,2026-03-22,19,ARI,96.76,3.24,0.0,0.0,0.0,11.36
Influcast,Ensemble,4,2026-03-23,2026-03-29,19,ARI,99.2,0.8,0.0,0.0,0.0,9.74
Influcast,Ensemble,1,2026-03-02,2026-03-08,20,ARI,82.61,17.39,0.0,0.0,0.0,15.52
Influcast,Ensemble,2,2026-03-09,2026-03-15,20,ARI,94.17,5.83,0.0,0.0,0.0,13.19
Influcast,Ensemble,3,2026-03-16,2026-03-22,20,ARI,99.23,0.77,0.0,0.0,0.0,11.27
Influcast,Ensemble,4,2026-03-23,2026-03-29,20,ARI,100.0,0.0,0.0,0.0,0.0,9.72
Influcast,Ensemble,1,2026-03-02,2026-03-08,21,ARI,92.9,7.1,0.0,0.0,0.0,12.45
Influcast,Ensemble,2,2026-03-09,2026-03-15,21,ARI,96.02,3.98,0.0,0.0,0.0,10.66
Influcast,Ensemble,3,2026-03-16,2026-03-22,21,ARI,98.22,1.78,0.0,0.0,0.0,9.24
Influcast,Ensemble,4,2026-03-23,2026-03-29,21,ARI,99.17,0.83,0.0,0.0,0.0,8.11
Influcast,Ensemble,1,2026-03-02,2026-03-08,IT,ARI,92.57,7.43,0.0,0.0,0.0,17.79
Influcast,Ensemble,2,2026-03-09,2026-03-15,IT,ARI,95.27,4.73,0.0,0.0,0.0,16.06
Influcast,Ensemble,3,2026-03-16,2026-03-22,IT,ARI,95.96,4.04,0.0,0.0,0.0,14.78
Influcast,Ensemble,4,2026-03-23,2026-03-29,IT,ARI,95.21,4.79,0.0,0.0,0.0,13.94
